-0.008647584,0.0022589995,-0.007362223,-0.0034322678,-0.008727398,-0.00301395,0.0050167465,0.005560884,-0.0035268273,0.003389098,-0.0013789391,-0.001509771,-0.0062153125,0.008623989,0.009448739,-0.009072585,0.0063585984,0.0080688,0.004073605,-0.008210246,0.00961554,-0.008955901,-0.0033727668,-0.009590921,-0.0111079905,0.0040686466,-0.0024740868,-0.0069988263,0.0019454292,-0.0009423483,-0.005498122,0.010026904,0.0008444191,0.009232015,-0.005894658,0.0007438543,-0.005426282,0.0049595674,0.0006195351,-0.008899872,0.0024151185,0.0071899644,-0.0009481536,0.007610249,-0.0066332775,-0.006675949,0.0021956344,-0.000952526,-0.006281465,-0.00027303843
0.006939573,0.010864848,0.005277433,-0.007681565,-0.0012178582,-0.0040206816,-0.009209853,0.0111739775,2.8199613e-05,0.0016739819,0.0060524317,-0.0088308975,-0.0024347056,-0.00027847078,-0.0051019266,-0.009420379,0.00060512364,0.007630598,0.011266285,-0.0019151543,-0.004523451,-0.00029294635,-0.0030322205,0.0009083336,-0.0078448085,0.0022148078,0.0028521912,-0.0040344372,-0.007466916,-0.009044546,-0.009883911,0.010645812,0.0034968685,0.0018433504,0.0024716065,-0.0074010906,-0.0046953135,-0.0063513475,0.010098794,0.0062373905,-0.008410296,-0.004564249,-0.0033699498,-0.0073868083,0.000673939,0.0060913865,0.0049250457,0.008110229,-0.005451149,-0.00013712898
0.00016789327,-0.0073342836,-0.00937912,-0.004388098,0.0032144384,0.002513765,0.0016989134,-0.0004977246,0.0045638043,0.0018332789,0.00819779,0.0075560804,-0.000660012,-0.00445139,0.0015794693,0.0040700845,0.0028216657,-0.0008023251,-0.003896628,0.007970832,0.009355984,0.008445967,0.008694993,-0.0010073892,-0.008862874,0.007978811,-0.00018692674,0.00043968376,-0.0073396675,0.009159514,0.00092650345,-0.008749744,-0.008404765,0.009323958,0.0029553266,-0.003255784,0.006889532,-0.008345481,0.009183572,0.009245535,0.009355679,0.008083821,-0.004169561,0.008115342,-0.008037771,-0.0098432535,-0.0066013485,-0.0025689928,-0.006029424,-0.006316051
0.004963644,-2.857454e-05,-0.0103867045,-0.00272411,-0.0045793424,0.012939188,0.010733805,0.0126088755,-0.00932937,0.0036660072,-0.009547899,0.003644097,-0.006558762,-0.0053562243,-0.002546247,-0.008999776,-0.004134021,0.01035904,0.010891552,-0.0063581276,0.0051942673,4.229727e-06,0.0032902535,0.001177697,-0.0033707237,-0.009175289,-0.008475784,-0.002031813,0.0028602127,-0.0023539737,-0.0004922012,0.008369684,-0.00031693248,0.00630408,-0.008869058,0.002781068,-0.00500505,-0.0027905228,0.00102225,-0.007657586,0.0030441692,-0.0009024561,-0.00029891342,0.003721194,-0.004472442,0.003221196,-0.00635643,-0.0025665273,0.0055199238,0.00074392033
0.0021764017,0.009458366,0.0028380502,0.0021106452,-0.0060347463,0.0019625886,-0.0077316216,-0.008592031,0.005985184,0.0006927231,-0.0033842286,0.002841341,-0.0062181083,0.0032931622,0.004735874,0.0012974261,-0.0061664935,-0.009267006,-3.9505845e-05,-0.004889852,0.0061181295,0.009078795,0.0063598347,-0.0026703463,-0.008105771,0.008946362,-0.005093945,-0.00993261,-0.00945045,-0.004932626,-0.00896166,0.006138751,-0.0043542837,-0.0039179963,-0.007277553,0.0015917531,-0.008852808,-0.007181094,0.0067263595,-0.00086239656,-0.008267655,-0.0035478172,-0.005077797,0.0051140036,0.0020796286,-0.00084885507,-0.009435785,0.009704816,-0.0026904063,0.005381862
0.0013390572,0.004559747,-0.0009267606,0.006677676,-0.0042130845,0.0027950057,0.0020918674,0.0083210915,-0.009966168,-0.00621382,0.0051111644,0.008062472,0.008791868,-0.008811633,-0.0081845885,0.00082342076,-0.0011074971,-3.2567812e-05,0.0014608043,-0.00781295,0.0050127073,0.0017735728,0.0021869503,-0.0058004474,-0.006456214,-0.00713905,-0.0019557371,-0.009688554,0.004487045,-0.0011200309,-0.0051528085,-0.006115528,-0.00342707,0.0069812206,0.0066887387,0.0032008893,-0.0093745785,-0.0035378095,0.0018168475,-0.0006086312,0.0069590067,-0.006858707,0.00034363125,-0.0022291904,-0.008731301,0.002117081,0.0043577584,-0.007654946,0.006756228,-0.01075998
-0.0036051415,0.012435929,0.008310605,-0.00040556662,0.0091909105,0.0050594667,0.0056530186,0.014649824,-0.0132657895,-0.0025030274,-0.007344776,0.0059220404,-0.0015683271,-0.008108793,0.010340258,-0.007830771,-0.0032408554,0.009881976,0.006070896,0.007414786,0.0059841285,0.0038110842,-0.010976731,0.0012441563,-0.012752157,0.0054753837,0.009457689,0.00021415063,-0.003874886,0.0028124845,-0.007067175,0.01036487,0.00319791,-0.005301195,-0.0006800529,-0.009281851,-0.009038126,-0.006883163,-0.0046141422,0.007213906,0.0049385885,0.0035771132,1.4240777e-07,-0.002899884,0.009452211,-0.005872573,-0.008012578,0.0005068434,0.002652127,-0.003419949
-0.006964621,-0.006650064,0.0076092132,0.003100074,0.00019656392,0.0051077246,-0.0024529197,0.007994779,-0.0061700954,-0.0018746033,0.0022146082,-0.0055403914,0.008504456,0.008030887,-0.0051943404,-0.0074227755,-0.0010237136,0.006744558,0.005566242,0.009529284,0.0030867895,-0.004737932,0.0074918787,-0.001216749,-0.00822269,0.008448648,0.009407756,0.002958146,-0.0018006965,-0.0035286818,0.0048930803,0.003053136,-0.0045230524,-0.0073973406,-0.003948165,-0.0043636863,0.0071116635,-0.008426559,0.0029235156,-0.0021090119,-0.0013373462,-0.0051096096,0.0040360643,0.0018326086,-0.007963963,0.0029773496,0.009726537,-0.0014303955,-0.0033683325,-0.006435683
0.0054584313,0.008745854,-0.010098362,-0.009181282,-0.0051131914,-0.005195347,0.009547456,-0.0025962305,0.0044472595,0.008112923,-0.0063750832,0.0032988233,-0.0073596532,-0.0036974463,-0.00470256,1.2863443e-05,-0.010385212,0.0019783413,0.009430787,0.0007729732,0.007754095,0.001844214,0.009739834,-0.009954961,0.0017212806,0.007160098,-0.004866566,-0.0035361096,0.005331181,-0.0061466307,0.005559952,0.009404022,-0.0013280978,-0.0010165141,0.004689561,-0.0089938445,-0.0092892805,0.008428574,-0.009551713,0.0022062466,-0.009221355,0.008621637,-0.007580191,0.00817703,-0.0058132038,-0.009637233,0.0064605623,-0.0030000133,0.00746779,0.0003032411
0.008784413,-0.0025266986,0.005875681,-0.004944789,-0.0024252855,-0.0041055433,0.004650296,-0.0026974517,-0.0042140633,0.0035097455,-0.004626473,0.006460617,-0.0009296269,-0.007985931,-0.001531489,0.0049470263,-0.00844475,0.0035713764,0.0031201239,-0.0063199266,-0.00035266788,-0.00073288986,-0.00578278,-1.624176e-05,0.0039402107,-0.0051309285,0.007875563,-0.008978933,0.002488978,-0.0050292895,-4.386318e-05,0.008090633,0.00074004196,0.0076997015,0.008794801,0.005976034,-0.009497324,0.007049321,-0.00062284555,0.0038357973,-0.0014103964,0.0010822004,0.0009611724,-0.0058228187,-0.007537608,-0.0063840435,-0.006125773,-0.008131469,-0.0059067174,0.0058285026
-0.00881956,0.004215563,-0.008549856,0.009222979,-0.0051021,-0.00014074761,0.009724529,0.0074191424,0.0047165505,0.0046820617,-0.0048926114,-0.0031874564,-0.009546077,0.0058550565,0.010557215,0.008071054,-0.011586362,0.0015638858,0.011881213,0.00068409264,0.009523501,-0.007064912,-0.00804189,-0.005284532,-0.011231399,-0.0062398165,0.0001268079,-0.0007251096,9.352168e-05,-0.0026985183,0.0040760124,0.007086923,-0.005875699,-0.009359055,-0.0072629424,-0.00675107,-0.0027860154,0.008208664,0.005250949,-0.0024319347,-0.0038191678,-0.0035323338,0.0009938545,0.005180122,-0.0035793753,0.0038929596,-0.0012370779,0.005261476,-0.0018374393,-0.0049132966
0.004963644,-2.857454e-05,-0.0103867045,-0.00272411,-0.0045793424,0.012939188,0.010733805,0.0126088755,-0.00932937,0.0036660072,-0.009547899,0.003644097,-0.006558762,-0.0053562243,-0.002546247,-0.008999776,-0.004134021,0.01035904,0.010891552,-0.0063581276,0.0051942673,4.229727e-06,0.0032902535,0.001177697,-0.0033707237,-0.009175289,-0.008475784,-0.002031813,0.0028602127,-0.0023539737,-0.0004922012,0.008369684,-0.00031693248,0.00630408,-0.008869058,0.002781068,-0.00500505,-0.0027905228,0.00102225,-0.007657586,0.0030441692,-0.0009024561,-0.00029891342,0.003721194,-0.004472442,0.003221196,-0.00635643,-0.0025665273,0.0055199238,0.00074392033
-0.0025419083,0.0064826705,-0.0057650027,-9.560045e-06,-0.008265362,0.008040545,0.0034501036,-0.00025388814,-0.0010848757,-0.007662495,2.9168155e-05,0.0055666664,0.0013731446,0.0006943854,0.0067671947,-0.0010154811,0.00649916,-0.0057897484,0.008170676,-0.0021388114,0.0021048612,0.00019348525,-0.001078606,0.001687294,0.0044260803,-0.009893265,-0.0027580855,0.003997403,0.006081486,0.008476132,0.006971097,0.0004060498,-0.008998153,-0.0001963957,0.004398088,0.0037420967,-0.0010658745,0.005652268,0.002360221,-0.00022529095,0.001124862,0.008653795,-0.0050651594,-0.009196262,-0.009813662,0.002010465,-0.0014281808,-0.00022530054,-0.0020116726,0.007045085
-0.0036051415,0.012435929,0.008310605,-0.00040556662,0.0091909105,0.0050594667,0.0056530186,0.014649824,-0.0132657895,-0.0025030274,-0.007344776,0.0059220404,-0.0015683271,-0.008108793,0.010340258,-0.007830771,-0.0032408554,0.009881976,0.006070896,0.007414786,0.0059841285,0.0038110842,-0.010976731,0.0012441563,-0.012752157,0.0054753837,0.009457689,0.00021415063,-0.003874886,0.0028124845,-0.007067175,0.01036487,0.00319791,-0.005301195,-0.0006800529,-0.009281851,-0.009038126,-0.006883163,-0.0046141422,0.007213906,0.0049385885,0.0035771132,1.4240777e-07,-0.002899884,0.009452211,-0.005872573,-0.008012578,0.0005068434,0.002652127,-0.003419949
-0.0016637103,-0.0055938154,-0.0100001125,-0.005806379,-0.0072404626,-0.00539658,0.005142843,-0.0064617717,0.006942037,0.0037355057,-0.008806658,0.0015496105,0.0049447934,0.0053372756,-0.0031282243,0.008132684,0.0051374785,-0.0050110607,-0.0019996318,-0.0062509216,-0.0047259205,-0.00938617,-0.0086056655,-0.0035225085,-0.00884425,0.0008722692,-0.0011236011,0.007641802,-0.004215013,0.0068764295,-0.0006424383,0.001453748,0.0072749546,0.0047633382,0.008593137,0.003021482,-0.010029763,0.0023729443,0.008122769,0.005161819,0.008512718,0.007875741,-0.004341799,-0.009228315,-0.005150511,-0.001084964,0.005056594,-0.009489015,-0.008594822,-0.008945425
0.0037408017,0.008854237,0.0041769943,-0.0011277356,0.0021009373,0.009478317,-0.0050475122,-0.007757936,-0.008287037,0.003773036,-0.005008141,0.0016454915,-0.0074599585,0.0025989243,-0.002121483,-0.0010415312,0.0036314288,0.0013946982,-0.00032341183,0.006207304,-0.0074962922,0.0057946444,-0.0065122037,-0.008713365,6.173747e-05,0.0044687707,-0.00088021165,-0.0070689484,0.0042392197,0.0066138846,0.0023193848,-0.0035396228,-0.0038055007,-4.5713892e-05,0.008324918,-0.006151639,-0.007799554,-0.0065426105,0.003087649,-0.008454824,-0.001942926,-0.0019555113,-0.0077599366,0.0013984808,-0.0068983436,0.0040569673,0.006671765,0.004451549,0.00706463,0.0034577472
0.003933727,0.0110406205,0.005694335,-0.004850601,-0.009343961,-0.0019028982,0.004410852,0.010164896,-0.011603649,-0.0013944283,-0.0007115187,-0.00363702,0.00098554,-0.0033633066,0.010740435,-0.004750581,-0.0023249744,-0.007971272,0.010145397,-0.0036904837,0.0053307493,0.0019767762,0.004398855,-0.0036541282,-0.01273948,0.003375539,0.006416006,0.0096384995,0.0018103643,0.0030806053,-0.000384236,-0.0016471314,-0.003883556,0.0001728642,0.0050466964,-0.008312785,0.004862947,0.0016255216,0.005493927,-0.0017491836,-0.001082481,-0.007706102,-0.0003159795,-0.009926379,-0.0010042636,0.010132577,-0.009780902,-0.007147294,-0.007913315,-0.0017989228
-0.0027581598,0.0034363666,0.0069092805,0.008243101,0.002454102,0.008748608,0.007970765,-0.00012684289,0.0055510737,0.008342482,0.0054163937,0.0064169965,-0.007498146,0.0053618844,-0.0005923853,0.009608417,-0.0021260781,-0.004836465,-0.008369615,-0.0021047092,0.006838469,-0.005191712,0.008069937,-0.0044886493,-0.00977521,-0.004209542,0.0036055758,-0.008618433,-0.0051633557,-0.0021905173,-0.0022798595,0.006018055,0.004103608,-0.002217884,0.0073860968,0.0036456168,0.005557798,-0.003779312,-0.008637581,-0.0070486204,0.00012694373,0.00016479313,0.006419401,-0.0042685764,0.0077953576,0.0010815328,-0.007999091,0.0076630237,0.00489655,-0.003266646
0.0049305507,-0.0010623152,0.005360428,0.006596112,0.0057103415,-0.006086303,-0.0037614459,-0.0009896496,0.003223041,-0.0042170254,0.0034712625,0.009121064,0.0036995392,-0.0037262836,0.007058482,0.0016929262,0.0026765512,0.0029178497,0.010403254,0.004108325,0.010105962,0.006845035,-0.006107839,0.0022976412,-0.0012528524,0.008689686,0.008660929,0.0076277573,-0.004387309,-0.0032833153,0.009487191,0.00067130825,-0.0052640457,-0.0013583465,-0.005139426,-0.0008776369,0.008886027,-0.004670008,-0.0010475398,0.0032792492,-0.005203249,-0.0009056908,0.003988513,-0.00536104,0.008394561,0.0058368687,0.0051565054,0.0063310065,-0.0047692554,0.008959049
0.003933727,0.0110406205,0.005694335,-0.004850601,-0.009343961,-0.0019028982,0.004410852,0.010164896,-0.011603649,-0.0013944283,-0.0007115187,-0.00363702,0.00098554,-0.0033633066,0.010740435,-0.004750581,-0.0023249744,-0.007971272,0.010145397,-0.0036904837,0.0053307493,0.0019767762,0.004398855,-0.0036541282,-0.01273948,0.003375539,0.006416006,0.0096384995,0.0018103643,0.0030806053,-0.000384236,-0.0016471314,-0.003883556,0.0001728642,0.0050466964,-0.008312785,0.004862947,0.0016255216,0.005493927,-0.0017491836,-0.001082481,-0.007706102,-0.0003159795,-0.009926379,-0.0010042636,0.010132577,-0.009780902,-0.007147294,-0.007913315,-0.0017989228
0.00074778125,0.008938378,-0.0022036328,0.009494424,-0.005359122,0.007344639,0.008054064,0.0011237025,-0.006402767,0.0043661213,0.008521133,-0.00020772162,-0.0024906492,-0.009698871,-0.0040704194,-0.00026922673,-0.003906921,0.005437784,0.0099476995,-0.0008665959,0.0010818575,-0.0012473867,-0.0032688156,-0.006344807,-0.0038609481,-0.010341562,-0.0005138873,0.004435537,0.0036306423,0.0026999926,-0.0053469404,-0.0029055378,0.003916211,0.006239432,0.0026416604,-1.8690092e-05,-0.0030621765,-0.003667097,2.476113e-05,-0.0018137345,0.0006464205,0.010524149,-6.9030015e-05,-0.009924409,0.008960912,0.00016826078,-0.010539231,-0.0016239398,-0.005804052,-0.0068510873
-0.009417336,0.006337792,-0.00593911,-0.0032122955,0.0043999674,-0.007459399,0.00025546263,0.006273396,0.006658805,-0.0073081646,0.0065596825,-0.009899381,-0.0014150613,-0.007156575,0.0066077923,0.005818353,0.0010165735,-0.0008077854,-0.0018620349,-0.008617551,0.009410171,-0.0018977583,0.007106109,0.002312095,0.0075360527,0.009422782,-0.003014565,-0.009519106,-0.004837229,0.0058477423,-0.00503503,0.001162654,0.005584434,-0.0050422014,-0.0040565315,-0.008288211,0.0039940835,-0.009729511,-0.0004785208,0.0024060186,2.6282618e-05,-0.0071686055,0.009527387,0.005525858,-0.004909231,0.0090498645,0.006062762,0.0090850005,0.001278314,0.0072513614
0.0055399477,-0.00018107583,0.0020228003,0.0041345516,0.0018706784,-0.006716929,-0.007082427,-0.0006638404,0.0064031933,0.0014964791,0.00010722237,-0.009697119,0.002583338,0.0038640173,-0.0053251246,0.0073859114,0.0006753661,-0.0016835583,0.008247299,0.0064829513,-0.0009158447,-0.0015367187,-0.00029571966,0.0096122045,-0.0078595895,-0.005926155,-0.002395305,0.009360334,0.0054186364,0.0018014264,0.0017729077,0.005554094,-0.0030167287,0.0011749056,0.0030542403,-0.0066454625,0.005679265,0.009128239,-0.002070544,0.0049674287,-0.00041881495,0.007401083,0.0029212222,0.0047113607,-0.0042789946,-0.0005586352,0.008141485,0.007867124,-0.007242496,-0.004233106
-0.003416183,0.000545296,0.0032885815,0.0013574216,-0.0038662003,0.0077964747,-0.006177087,0.0037876498,-0.004158695,-0.0012473933,0.0012857887,0.009107112,0.003979675,-0.010406369,-0.0018644114,0.009530758,0.008101593,0.0008875411,0.005196786,0.0025842735,0.011506831,-0.0024905158,0.0044178073,-0.0037757454,-0.0072466694,-0.008422002,0.00496468,0.0070803273,-0.0054296963,0.0056303865,0.007853252,-0.006744874,0.0026464674,-0.008678626,-0.0015779542,0.00372684,-7.947608e-05,-0.010437985,0.009643875,0.0055811894,-0.009991305,0.006184941,-0.007992442,-0.0063117743,-0.005273734,0.0035723548,-0.01090649,0.007387954,-0.004579552,0.0016531195
-0.00043963766,0.003695344,0.009586606,-0.0076550995,-0.009933398,-0.002121944,-0.0061695958,0.010071391,-0.0073405746,-0.0007070503,0.0041134553,-0.0050353617,-0.0019391602,0.004975921,0.007222397,0.008455929,0.0010645818,-0.0066908374,0.0076024327,0.0035847886,-0.0056836163,-0.0066195005,0.006564625,0.00019674783,0.0017989322,-0.008162088,-0.005095425,-0.0070338305,-0.0068266653,0.0034490582,0.0035790626,0.003988097,-0.0068560624,-0.009556798,-0.006963625,-0.0037595888,-0.0061693205,0.007854442,0.00034440446,0.009777231,-0.0038287686,-0.0030101216,0.006479255,0.0035100821,0.0040182895,0.0038042376,-0.0047892807,0.008956363,0.0076017277,-0.006552908
0.0013390572,0.004559747,-0.0009267606,0.006677676,-0.0042130845,0.0027950057,0.0020918674,0.0083210915,-0.009966168,-0.00621382,0.0051111644,0.008062472,0.008791868,-0.008811633,-0.0081845885,0.00082342076,-0.0011074971,-3.2567812e-05,0.0014608043,-0.00781295,0.0050127073,0.0017735728,0.0021869503,-0.0058004474,-0.006456214,-0.00713905,-0.0019557371,-0.009688554,0.004487045,-0.0011200309,-0.0051528085,-0.006115528,-0.00342707,0.0069812206,0.0066887387,0.0032008893,-0.0093745785,-0.0035378095,0.0018168475,-0.0006086312,0.0069590067,-0.006858707,0.00034363125,-0.0022291904,-0.008731301,0.002117081,0.0043577584,-0.007654946,0.006756228,-0.01075998
0.009710709,0.003245174,-0.00827872,0.0026458695,-0.006026288,-0.0020787374,0.0038573674,-0.0039879642,-0.0046748677,0.004438299,0.0016361779,0.009372663,-0.005433489,-0.0103633385,0.006899564,-0.002276671,-0.0032889193,-0.0054564807,-0.0009792392,-0.0029896433,-0.007346041,-0.0055955835,0.008180958,0.00460014,-0.0009709289,0.007455053,-0.0025866798,0.008821517,0.009229243,-0.007473333,-0.010587913,-0.0032769798,-0.0023848466,-0.006502898,-0.0072477283,0.0030971544,-0.0068874164,0.0023722916,-0.0061975364,-0.006659134,-0.0016914149,0.009378489,-0.010634559,0.0014482266,-0.0022220777,0.0005794893,-0.0058576404,-0.007106444,-0.003958283,0.0077736746
0.005641945,-0.008088783,-0.00060446805,-0.0059088203,0.005563728,-0.0077423058,0.005156487,-0.0002888344,-0.010105293,0.009973871,-0.009574279,0.009356155,0.005974135,-0.005458578,0.0035916667,0.0026137715,-0.006957111,-0.002655047,-0.0054249777,0.006813988,0.0029578179,0.004820267,0.008857778,-0.0025813733,-0.006417277,-0.00089057995,0.004908283,-0.009464836,0.0058468636,0.008834486,-0.0032154245,-0.008753846,-0.009791227,-0.008685707,0.007734016,0.000969471,-0.004834994,0.0035866525,-0.008927395,-0.009442287,-0.008552509,0.002677176,-0.006684267,0.0040207957,0.0040358435,-0.0019762283,-0.0015668051,-0.0011810105,0.0085563725,0.0009579864
-0.006120534,0.004907703,0.003223646,-0.006566149,-0.0034880294,0.008976414,0.004705207,-0.0037455675,-0.0012048295,0.004629579,0.0007897454,0.006231894,-0.0048923255,-0.008938475,-0.007354945,-0.0022974235,0.0005848609,0.0074717356,0.0017896885,-0.0026942976,0.002732588,-0.0037931623,-0.008454077,0.0045617875,-0.0020751248,-0.00093033514,-0.010131067,0.004466291,-0.0004530363,-0.005908912,0.0025244143,0.008005514,0.006316275,-0.0074874354,-0.0045416513,-0.008988248,0.0064722216,-0.0094996495,-0.0051054326,0.006776842,0.006707716,0.009533115,-0.007136106,-0.01080294,0.009810494,-0.005824059,0.006586237,-0.00080411945,0.0074775284,-0.0007877545
-0.0036083846,0.0014684233,-0.004165522,-0.0008667364,0.0058835745,-0.00617458,-0.0030244896,0.0062387837,0.0035281407,0.007480596,0.0084363315,-0.0056523685,-0.0006831387,-0.005333816,-0.004263916,0.004320319,0.0050876345,-0.008933425,0.0055226395,0.0060084015,0.007851289,0.0061630164,0.008211958,0.005442278,0.00522664,0.0019404568,-0.006109291,-0.004633712,0.00017053503,-0.0032712612,0.0048629455,0.010679019,-0.003886954,0.0089947805,-0.0008539254,0.00080196385,0.0074707717,-0.006155877,0.008253221,-0.0014752807,-0.008213398,0.009048169,0.00690992,-0.0011324756,0.007663408,-0.0016208446,-0.007462332,0.009305094,0.0045094113,-0.0066449214
0.0032568022,0.007646028,-7.5282434e-05,-0.0027900238,0.006079351,0.0032789912,0.0062716394,-0.007340116,0.0065690666,-0.0056647877,-0.0034729159,0.00095909287,-0.006731704,-0.009063306,0.0011575709,-0.0046113622,0.0005481749,-0.006101928,0.0074903164,0.00028629386,-0.002619505,0.0029890502,-0.009590092,0.004983664,0.0057017994,-0.0060497597,0.0010756146,0.00838579,0.0054176166,0.0013602371,-0.00395172,-0.0038081913,-0.0071572135,-0.009517679,0.0059722974,0.0058311243,-0.004974287,0.0033020275,0.008289354,-0.0042830384,-0.001288298,-0.008076241,0.0003038027,-0.0040673567,0.009231021,0.008046589,-0.007821382,-9.0860696e-05,0.0072549055,0.0016581786
-0.0036051415,0.012435929,0.008310605,-0.00040556662,0.0091909105,0.0050594667,0.0056530186,0.014649824,-0.0132657895,-0.0025030274,-0.007344776,0.0059220404,-0.0015683271,-0.008108793,0.010340258,-0.007830771,-0.0032408554,0.009881976,0.006070896,0.007414786,0.0059841285,0.0038110842,-0.010976731,0.0012441563,-0.012752157,0.0054753837,0.009457689,0.00021415063,-0.003874886,0.0028124845,-0.007067175,0.01036487,0.00319791,-0.005301195,-0.0006800529,-0.009281851,-0.009038126,-0.006883163,-0.0046141422,0.007213906,0.0049385885,0.0035771132,1.4240777e-07,-0.002899884,0.009452211,-0.005872573,-0.008012578,0.0005068434,0.002652127,-0.003419949
0.0055314624,-0.0012666478,0.0015141532,-0.008683966,0.005437541,-0.0037742413,0.008815809,0.0010114159,0.008734381,-0.007067052,0.0036535843,-0.0076846895,-0.0039876355,-0.0063470113,-0.005385435,-0.0016052462,0.0035809895,-0.0077837864,0.0059354855,-0.009005408,-0.008684846,-0.006758491,0.0022589802,-0.0058920644,-0.005259331,0.005861387,-0.006858478,-0.010015304,-0.008560573,0.0082765175,-0.0040412424,0.009091814,0.008831769,0.009469553,-0.008682599,-0.005460563,-0.008101454,0.0062002637,0.0017137687,0.0070485417,-0.004544336,0.009964773,0.0070972126,-0.0034637721,-0.001109394,0.005946467,-0.008419584,0.006128188,-0.008856476,-0.006209171
-0.005794591,0.007141491,-0.00055243477,0.0033085044,0.0060076313,0.004526208,-0.0073410547,-0.0066251196,0.004572934,0.0011167234,-0.0039620586,0.004997504,-0.0038153166,-0.00973844,0.0031136004,0.0003183654,0.0023364888,-0.007382182,-0.0075922622,0.0015014542,0.008732946,0.008989835,-0.008275565,0.001338498,-0.007415599,0.006237107,-0.005540612,-0.009980222,0.0075566266,0.0058949436,0.0027918634,-0.008501226,-0.0016679438,-0.009602133,-0.0005277794,-0.00055788923,-0.006720162,-0.008339368,-0.0053277635,0.0062288987,0.0005927087,0.0008513457,0.0031660246,-0.006989648,0.008110698,-0.006562437,-0.00877676,0.009335275,-0.0016822375,0.0065918164
-0.0007964878,0.004506048,-0.0014284954,-0.000900489,-0.009627357,0.009060486,0.00439918,0.005929815,0.007696882,0.0030803557,-0.0047707125,-0.0029936002,-0.004912101,0.009110615,-0.008356549,0.0072759516,-0.0045815497,-0.0092854975,-0.0031354644,0.0030147564,0.0034916215,0.0045183077,0.008761415,-0.009084821,-0.0002004653,0.007239667,0.0004665578,-0.008126937,-0.00085470686,-0.00921794,-0.0062703155,0.00066882034,-0.00010701378,-0.0028108193,-0.0004908101,-0.0030617667,-0.006813426,-0.0069911485,-0.0035275414,-0.006028906,0.007797703,-0.004147754,-0.0004529191,-0.0091835605,0.002698148,-0.004109893,-0.00056212826,0.009323366,-0.00072580564,0.0050704074
-0.006384708,0.0025279967,0.0068466063,-0.0032657436,0.009251839,0.0016174158,0.0008180861,0.0077562104,0.0094844205,0.000477068,-0.009112865,-0.0026463435,0.003178871,-0.0015996419,0.0016945725,-0.0041518253,-0.00612791,-0.009727477,-0.005042498,-0.0019225165,0.0029671283,-0.009749355,-0.0020977794,-0.008073122,0.007298119,0.00059766206,-0.0037725512,4.7182486e-05,-0.008491735,0.008159838,-0.0041330876,0.0095118955,-0.0055949627,-0.0033495543,-0.002065822,-0.0024777108,0.00019376421,0.0047967453,0.0074951933,0.0027503178,0.008704117,-0.002004967,-0.008379227,0.00767744,0.0021673748,0.008904685,-0.0040725498,0.003327323,0.0072535123,-0.004773511
0.0033921602,0.008102285,-0.008854116,0.0020838736,-0.00781085,0.009667945,-0.00047772075,-0.0029648214,0.0021170387,0.008784821,-0.0050681806,0.0032402596,-0.0018858082,-0.0026115759,-0.0037902049,-0.0027101836,0.009358625,-0.0050638076,0.0023449652,-0.005587677,0.0037214267,-0.002705031,-0.00025289966,-0.008143993,-0.001454797,0.0037661847,-0.0006833719,0.0040509407,-0.0022654533,0.008489146,0.0029361947,0.00835584,9.860722e-05,-0.0067802113,0.006435745,-0.008881863,0.006099763,0.006273432,-0.004502839,-0.0033199207,0.009188857,-0.0077828,-0.009449379,0.0034228289,0.002004998,-0.00542208,-0.0030979845,0.008543669,0.009052059,0.009380865
0.007824645,0.008927655,0.003106343,-0.002438942,-0.00943128,-0.0044136513,-0.0038396479,-0.00869091,0.0082594305,-0.0005948848,-0.0012642107,-0.0007103923,0.00812359,-0.0048060226,0.010017141,0.008684488,-0.007689572,0.0069961385,-0.008134583,-0.0037081477,-0.006924643,-0.0005033699,-0.001967456,-0.0025751733,0.0074897488,-0.009969989,-0.0041912952,-0.0070549636,-0.0055150664,0.0050495653,-0.0022830593,0.00033006424,0.008425392,0.0042596203,-0.0029245394,-0.0030169499,-0.005841251,0.0042038127,0.003381197,-0.0010990772,-0.009044282,-0.0015785638,-0.0021238185,-0.0045732274,-0.009427638,0.0007614033,-0.0022429284,0.002437014,0.0085978145,-0.0008438446
-0.004428285,-0.002520301,0.008584665,0.0030302997,0.001460803,0.0053115445,0.0023000103,0.011251275,0.0011244009,0.009479197,-0.006135942,-0.0026069428,0.004035922,0.0059055164,-0.004770491,-0.0013828534,0.0010357886,-0.006580546,-0.0059289825,-0.0027533565,0.006531998,-0.0048347553,-0.0065280995,-0.0059106154,-0.01019485,0.0056259967,0.0014811604,0.00493874,0.0030392697,-0.0017510919,-0.0055597182,-1.2207455e-05,-0.008729979,0.0035900245,0.005777634,-0.0073187477,0.0052960133,0.008869108,-0.0012210315,0.003908096,0.0014824201,0.002243669,0.0014609471,-0.0018599456,0.0029951679,-0.0010006175,-0.0057179225,-0.0037858672,0.006633458,-0.0020624108
0.0017062896,0.001751425,0.009503151,0.0087309955,0.00032472212,-0.0009053606,0.0026179203,-0.0017318178,0.009346099,-0.0016519703,0.0077110357,-0.008264684,0.009799324,0.0022985148,0.008671507,0.0032092233,-0.006552149,0.0008056579,0.009534215,-0.0052115065,-0.00045572242,-0.0069791637,-0.00494603,0.009421206,0.006532833,-0.0059985938,-0.0066286703,-0.0063531934,-0.009391538,-0.0076590707,-0.0064101266,0.0011764532,0.010091397,-0.0014626285,0.00039917132,-0.007837789,0.006303389,-0.0029149365,0.0030469936,-0.0051874323,-0.009411522,0.0073116017,-0.002586252,-0.0017266362,0.0049851183,0.009094386,0.0017463756,-0.005252461,-0.009083764,0.0042621153
0.00074778125,0.008938378,-0.0022036328,0.009494424,-0.005359122,0.007344639,0.008054064,0.0011237025,-0.006402767,0.0043661213,0.008521133,-0.00020772162,-0.0024906492,-0.009698871,-0.0040704194,-0.00026922673,-0.003906921,0.005437784,0.0099476995,-0.0008665959,0.0010818575,-0.0012473867,-0.0032688156,-0.006344807,-0.0038609481,-0.010341562,-0.0005138873,0.004435537,0.0036306423,0.0026999926,-0.0053469404,-0.0029055378,0.003916211,0.006239432,0.0026416604,-1.8690092e-05,-0.0030621765,-0.003667097,2.476113e-05,-0.0018137345,0.0006464205,0.010524149,-6.9030015e-05,-0.009924409,0.008960912,0.00016826078,-0.010539231,-0.0016239398,-0.005804052,-0.0068510873
-0.0009127628,-0.005412895,0.005028321,0.0056466986,-0.00027530052,-0.0077684294,0.0021539063,0.008070063,-0.00040091827,-0.004520825,-0.009185928,-0.008171805,-0.008143486,0.009293285,0.0019363371,-0.008044933,0.007264229,0.0052499436,-0.0005506103,-0.0053460165,0.004433159,-0.006555148,-0.009327148,0.0044782143,0.008458984,0.008457571,-0.009041371,-0.0012774449,0.007681729,0.001376087,0.0032326747,-0.0023699617,0.0033154096,-0.006445384,-0.0042189797,0.0012214081,-0.0036410654,-0.007161277,-0.0003554166,-0.00410202,0.0056689656,0.006105129,-0.00040353544,0.0011751754,-0.009044792,0.00789915,-0.0033813745,0.003875928,-0.009481366,0.0044360105
-0.003416183,0.000545296,0.0032885815,0.0013574216,-0.0038662003,0.0077964747,-0.006177087,0.0037876498,-0.004158695,-0.0012473933,0.0012857887,0.009107112,0.003979675,-0.010406369,-0.0018644114,0.009530758,0.008101593,0.0008875411,0.005196786,0.0025842735,0.011506831,-0.0024905158,0.0044178073,-0.0037757454,-0.0072466694,-0.008422002,0.00496468,0.0070803273,-0.0054296963,0.0056303865,0.007853252,-0.006744874,0.0026464674,-0.008678626,-0.0015779542,0.00372684,-7.947608e-05,-0.010437985,0.009643875,0.0055811894,-0.009991305,0.006184941,-0.007992442,-0.0063117743,-0.005273734,0.0035723548,-0.01090649,0.007387954,-0.004579552,0.0016531195
0.003517324,0.0040569548,0.0017101275,-0.008192226,-0.002132149,-0.004979826,0.0036105735,0.0072438223,0.0008081153,0.00685643,0.00751077,0.008483325,0.0006314124,-0.0073045674,0.006513714,-0.009526147,0.004491974,-0.008691108,0.005231293,-0.008231789,-0.0071565555,-0.0034914922,0.0013052988,-0.001966024,-0.001325954,0.007909644,-0.00024876936,-0.0038807488,0.005615849,-0.0006357485,-0.0009218835,0.00057986233,-0.009623024,-0.0063475007,0.007016876,-0.0019417604,-0.004340514,-0.0033563836,0.0017712251,-0.00031842137,0.0040721176,-0.00810314,-0.007775022,0.008817862,0.0016235302,0.0005227814,0.0021084275,-0.0069658556,0.008703356,0.0034977125
-0.004630096,0.007623866,-0.0008593306,-0.0035272536,-0.002367019,0.0072198445,0.0038762572,-0.0033780425,-0.0071856836,-0.0044832365,-0.006157036,0.0060731573,-0.00010139236,0.0014275645,-0.0012841828,-0.00024441525,0.0043751756,-0.00740867,0.00907816,-0.010291029,0.0024352344,0.0036168704,0.0061210105,-0.0076024504,-0.009099265,0.0019423178,0.005142483,0.0070296484,-0.0019281356,0.0037597788,-0.0045249565,0.0072614625,-0.0032128443,-0.005213454,0.007294497,-0.0032870488,-0.00077404577,-0.010380499,0.008258524,-0.006222296,0.000888568,-0.001219494,-0.00961304,-0.0059754164,-0.008295051,0.0061639147,-0.0059064873,0.0032646377,0.00073104416,0.008156059
-0.0036051415,0.012435929,0.008310605,-0.00040556662,0.0091909105,0.0050594667,0.0056530186,0.014649824,-0.0132657895,-0.0025030274,-0.007344776,0.0059220404,-0.0015683271,-0.008108793,0.010340258,-0.007830771,-0.0032408554,0.009881976,0.006070896,0.007414786,0.0059841285,0.0038110842,-0.010976731,0.0012441563,-0.012752157,0.0054753837,0.009457689,0.00021415063,-0.003874886,0.0028124845,-0.007067175,0.01036487,0.00319791,-0.005301195,-0.0006800529,-0.009281851,-0.009038126,-0.006883163,-0.0046141422,0.007213906,0.0049385885,0.0035771132,1.4240777e-07,-0.002899884,0.009452211,-0.005872573,-0.008012578,0.0005068434,0.002652127,-0.003419949
0.004963644,-2.857454e-05,-0.0103867045,-0.00272411,-0.0045793424,0.012939188,0.010733805,0.0126088755,-0.00932937,0.0036660072,-0.009547899,0.003644097,-0.006558762,-0.0053562243,-0.002546247,-0.008999776,-0.004134021,0.01035904,0.010891552,-0.0063581276,0.0051942673,4.229727e-06,0.0032902535,0.001177697,-0.0033707237,-0.009175289,-0.008475784,-0.002031813,0.0028602127,-0.0023539737,-0.0004922012,0.008369684,-0.00031693248,0.00630408,-0.008869058,0.002781068,-0.00500505,-0.0027905228,0.00102225,-0.007657586,0.0030441692,-0.0009024561,-0.00029891342,0.003721194,-0.004472442,0.003221196,-0.00635643,-0.0025665273,0.0055199238,0.00074392033
-0.006176373,-0.0025391101,0.0035367084,0.0066505703,-0.0031377166,0.008057209,-0.009200801,0.00042689047,-0.006099722,0.007330069,0.008862056,0.0024333433,0.0053554806,0.0047578826,0.009796565,0.0077762315,-0.0064552557,0.006307699,-0.004160005,0.0058186706,0.0077868095,-0.0065224003,-0.006074442,-0.005878868,-0.010326788,0.006183162,0.008108354,0.0034117356,-0.0027393876,-0.001567382,-0.006647151,-0.006944735,-0.006146891,-0.00791791,-0.0023246505,-0.009465598,0.0045585046,-0.006142918,0.0066983653,-0.0032933857,-0.008244285,0.006517651,-0.0041380418,0.00087654026,0.0020316767,0.0040890994,0.004588782,-0.007713167,0.0019098597,0.0056460877
-0.006773418,0.0017434428,-0.003125293,0.0034505418,-0.0022347597,0.004780289,-0.007642888,0.0035188135,0.0029970647,0.0027113224,-0.0023903472,-0.0013971006,0.002203904,-0.0020480584,-0.0048507033,-0.00887477,0.00619621,0.005661544,-0.0033917099,0.006019321,-0.0036212667,-5.30377e-05,0.003453256,0.009476612,-8.6261476e-05,0.0043377634,-0.0077157645,-0.0075912713,0.0096561,0.0057077864,-0.005073043,-0.0018765732,-0.0053868853,-0.0069160303,0.004764215,-0.0006716033,-0.009944991,-0.0038383598,0.008178849,0.0018186381,-0.0078553725,0.00073979475,0.0030606105,-0.0030402984,-0.007236156,0.008661211,-0.004396682,0.0024772198,-0.0016517035,0.002111493
0.00884518,1.0725347e-05,-0.009587939,-0.008249234,0.002104541,-0.00019993652,-0.009301781,0.0014299003,-0.0077938377,0.0019280822,0.0058632917,0.003160906,-0.005822889,0.0031546028,0.010222901,-0.007580612,-0.0056989044,0.006761284,0.004271334,-0.0010831008,0.011558977,-0.0036101327,-0.008923865,0.005901977,-0.004710722,-0.0071850372,-0.008149527,-0.0048276894,-0.0012257174,-0.0006769503,0.0005146105,0.005238112,-0.0071044825,0.0015515485,-0.0018351735,-0.010197232,0.0031035938,-0.010385142,-0.0063353083,-0.006881031,0.009293975,0.009149488,-0.0071228347,-0.00090822816,-0.00800027,0.006133507,-0.010889249,0.0015500869,0.00028450871,-0.0058474503
0.00965429,0.005255188,5.1728748e-05,-0.00580135,0.0052455408,0.0038124432,-0.009494313,0.007710224,-0.007331355,-0.0054282835,-0.007527632,-0.00022684092,0.00508661,-0.00021389953,-0.002070429,0.0046438267,0.0034352252,-0.003909804,0.0061898837,0.0009779994,0.0027913207,-0.0049728486,-0.009331722,-0.0032161681,-0.00898582,-0.0032071932,0.0063006515,-0.0068487595,-0.0028025475,0.0066938647,0.008799416,0.008325702,-0.000110327164,0.003052515,-0.006026824,0.005883411,0.0011141223,0.0052150707,0.0044892933,-0.0014391216,-0.0032552145,-0.009341231,-0.0010790128,-0.005120148,-0.009322424,0.0070179207,-0.010322518,-0.0036338407,-0.0065711145,-0.0012183553
0.009710709,0.003245174,-0.00827872,0.0026458695,-0.006026288,-0.0020787374,0.0038573674,-0.0039879642,-0.0046748677,0.004438299,0.0016361779,0.009372663,-0.005433489,-0.0103633385,0.006899564,-0.002276671,-0.0032889193,-0.0054564807,-0.0009792392,-0.0029896433,-0.007346041,-0.0055955835,0.008180958,0.00460014,-0.0009709289,0.007455053,-0.0025866798,0.008821517,0.009229243,-0.007473333,-0.010587913,-0.0032769798,-0.0023848466,-0.006502898,-0.0072477283,0.0030971544,-0.0068874164,0.0023722916,-0.0061975364,-0.006659134,-0.0016914149,0.009378489,-0.010634559,0.0014482266,-0.0022220777,0.0005794893,-0.0058576404,-0.007106444,-0.003958283,0.0077736746
0.0040290076,0.001773093,-0.000325816,-0.005333796,-0.0022301285,0.0077246027,-0.0025810571,-0.003570239,-0.004731481,0.00699709,0.0022058093,-0.005245593,0.006690894,-0.0044901455,0.0017465502,-0.0010174603,0.000333591,-0.0014420684,0.006305408,0.007454121,-0.0035052947,-0.007803013,0.006453886,-0.0050465455,-0.00898363,0.0066687833,0.0014670701,0.006680618,-0.0036234595,0.003986647,0.0018414839,0.010128114,0.00018367446,0.008409026,-0.008089322,-0.003311665,-0.0058296216,0.006813633,0.009091497,0.005069008,-0.00611072,-0.0012250355,-0.007665815,-0.0020523623,-0.0070873112,-0.0003669533,-0.0064162337,0.0010741883,-0.0074034953,-0.0007096315
-0.00881956,0.004215563,-0.008549856,0.009222979,-0.0051021,-0.00014074761,0.009724529,0.0074191424,0.0047165505,0.0046820617,-0.0048926114,-0.0031874564,-0.009546077,0.0058550565,0.010557215,0.008071054,-0.011586362,0.0015638858,0.011881213,0.00068409264,0.009523501,-0.007064912,-0.00804189,-0.005284532,-0.011231399,-0.0062398165,0.0001268079,-0.0007251096,9.352168e-05,-0.0026985183,0.0040760124,0.007086923,-0.005875699,-0.009359055,-0.0072629424,-0.00675107,-0.0027860154,0.008208664,0.005250949,-0.0024319347,-0.0038191678,-0.0035323338,0.0009938545,0.005180122,-0.0035793753,0.0038929596,-0.0012370779,0.005261476,-0.0018374393,-0.0049132966
0.0021764017,0.009458366,0.0028380502,0.0021106452,-0.0060347463,0.0019625886,-0.0077316216,-0.008592031,0.005985184,0.0006927231,-0.0033842286,0.002841341,-0.0062181083,0.0032931622,0.004735874,0.0012974261,-0.0061664935,-0.009267006,-3.9505845e-05,-0.004889852,0.0061181295,0.009078795,0.0063598347,-0.0026703463,-0.008105771,0.008946362,-0.005093945,-0.00993261,-0.00945045,-0.004932626,-0.00896166,0.006138751,-0.0043542837,-0.0039179963,-0.007277553,0.0015917531,-0.008852808,-0.007181094,0.0067263595,-0.00086239656,-0.008267655,-0.0035478172,-0.005077797,0.0051140036,0.0020796286,-0.00084885507,-0.009435785,0.009704816,-0.0026904063,0.005381862
0.0013390572,0.004559747,-0.0009267606,0.006677676,-0.0042130845,0.0027950057,0.0020918674,0.0083210915,-0.009966168,-0.00621382,0.0051111644,0.008062472,0.008791868,-0.008811633,-0.0081845885,0.00082342076,-0.0011074971,-3.2567812e-05,0.0014608043,-0.00781295,0.0050127073,0.0017735728,0.0021869503,-0.0058004474,-0.006456214,-0.00713905,-0.0019557371,-0.009688554,0.004487045,-0.0011200309,-0.0051528085,-0.006115528,-0.00342707,0.0069812206,0.0066887387,0.0032008893,-0.0093745785,-0.0035378095,0.0018168475,-0.0006086312,0.0069590067,-0.006858707,0.00034363125,-0.0022291904,-0.008731301,0.002117081,0.0043577584,-0.007654946,0.006756228,-0.01075998
-0.0036051415,0.012435929,0.008310605,-0.00040556662,0.0091909105,0.0050594667,0.0056530186,0.014649824,-0.0132657895,-0.0025030274,-0.007344776,0.0059220404,-0.0015683271,-0.008108793,0.010340258,-0.007830771,-0.0032408554,0.009881976,0.006070896,0.007414786,0.0059841285,0.0038110842,-0.010976731,0.0012441563,-0.012752157,0.0054753837,0.009457689,0.00021415063,-0.003874886,0.0028124845,-0.007067175,0.01036487,0.00319791,-0.005301195,-0.0006800529,-0.009281851,-0.009038126,-0.006883163,-0.0046141422,0.007213906,0.0049385885,0.0035771132,1.4240777e-07,-0.002899884,0.009452211,-0.005872573,-0.008012578,0.0005068434,0.002652127,-0.003419949
0.004963644,-2.857454e-05,-0.0103867045,-0.00272411,-0.0045793424,0.012939188,0.010733805,0.0126088755,-0.00932937,0.0036660072,-0.009547899,0.003644097,-0.006558762,-0.0053562243,-0.002546247,-0.008999776,-0.004134021,0.01035904,0.010891552,-0.0063581276,0.0051942673,4.229727e-06,0.0032902535,0.001177697,-0.0033707237,-0.009175289,-0.008475784,-0.002031813,0.0028602127,-0.0023539737,-0.0004922012,0.008369684,-0.00031693248,0.00630408,-0.008869058,0.002781068,-0.00500505,-0.0027905228,0.00102225,-0.007657586,0.0030441692,-0.0009024561,-0.00029891342,0.003721194,-0.004472442,0.003221196,-0.00635643,-0.0025665273,0.0055199238,0.00074392033
0.0054584313,0.008745854,-0.010098362,-0.009181282,-0.0051131914,-0.005195347,0.009547456,-0.0025962305,0.0044472595,0.008112923,-0.0063750832,0.0032988233,-0.0073596532,-0.0036974463,-0.00470256,1.2863443e-05,-0.010385212,0.0019783413,0.009430787,0.0007729732,0.007754095,0.001844214,0.009739834,-0.009954961,0.0017212806,0.007160098,-0.004866566,-0.0035361096,0.005331181,-0.0061466307,0.005559952,0.009404022,-0.0013280978,-0.0010165141,0.004689561,-0.0089938445,-0.0092892805,0.008428574,-0.009551713,0.0022062466,-0.009221355,0.008621637,-0.007580191,0.00817703,-0.0058132038,-0.009637233,0.0064605623,-0.0030000133,0.00746779,0.0003032411
0.008784413,-0.0025266986,0.005875681,-0.004944789,-0.0024252855,-0.0041055433,0.004650296,-0.0026974517,-0.0042140633,0.0035097455,-0.004626473,0.006460617,-0.0009296269,-0.007985931,-0.001531489,0.0049470263,-0.00844475,0.0035713764,0.0031201239,-0.0063199266,-0.00035266788,-0.00073288986,-0.00578278,-1.624176e-05,0.0039402107,-0.0051309285,0.007875563,-0.008978933,0.002488978,-0.0050292895,-4.386318e-05,0.008090633,0.00074004196,0.0076997015,0.008794801,0.005976034,-0.009497324,0.007049321,-0.00062284555,0.0038357973,-0.0014103964,0.0010822004,0.0009611724,-0.0058228187,-0.007537608,-0.0063840435,-0.006125773,-0.008131469,-0.0059067174,0.0058285026
0.00884518,1.0725347e-05,-0.009587939,-0.008249234,0.002104541,-0.00019993652,-0.009301781,0.0014299003,-0.0077938377,0.0019280822,0.0058632917,0.003160906,-0.005822889,0.0031546028,0.010222901,-0.007580612,-0.0056989044,0.006761284,0.004271334,-0.0010831008,0.011558977,-0.0036101327,-0.008923865,0.005901977,-0.004710722,-0.0071850372,-0.008149527,-0.0048276894,-0.0012257174,-0.0006769503,0.0005146105,0.005238112,-0.0071044825,0.0015515485,-0.0018351735,-0.010197232,0.0031035938,-0.010385142,-0.0063353083,-0.006881031,0.009293975,0.009149488,-0.0071228347,-0.00090822816,-0.00800027,0.006133507,-0.010889249,0.0015500869,0.00028450871,-0.0058474503
0.0064667445,-0.00017710192,-0.005390779,0.0049155294,-0.0035388125,-0.008437246,-0.008863451,-0.00226805,0.005978989,0.008172218,-0.007081916,0.0011317374,-0.004001492,-0.009488222,0.0006642964,0.008509206,-0.00045951523,0.0004138922,-0.0037283516,0.0004910851,-0.009443551,0.0046461206,0.0068286657,-0.004310853,0.0008189593,-0.0020407052,0.009490375,-0.0047328384,0.004090225,-0.0040222723,-0.0077585974,1.8324215e-05,0.0010542896,-0.0090324925,-0.0074884724,-0.0077633876,-0.0028772603,0.009125231,0.0007664509,-0.0013334057,-0.0053627873,0.0007777725,-0.0024187106,0.005995745,-0.0071928017,-0.009044424,-0.0037649444,-0.0074216984,0.0012242194,-0.0074350634
0.0040290076,0.001773093,-0.000325816,-0.005333796,-0.0022301285,0.0077246027,-0.0025810571,-0.003570239,-0.004731481,0.00699709,0.0022058093,-0.005245593,0.006690894,-0.0044901455,0.0017465502,-0.0010174603,0.000333591,-0.0014420684,0.006305408,0.007454121,-0.0035052947,-0.007803013,0.006453886,-0.0050465455,-0.00898363,0.0066687833,0.0014670701,0.006680618,-0.0036234595,0.003986647,0.0018414839,0.010128114,0.00018367446,0.008409026,-0.008089322,-0.003311665,-0.0058296216,0.006813633,0.009091497,0.005069008,-0.00611072,-0.0012250355,-0.007665815,-0.0020523623,-0.0070873112,-0.0003669533,-0.0064162337,0.0010741883,-0.0074034953,-0.0007096315
-0.004428285,-0.002520301,0.008584665,0.0030302997,0.001460803,0.0053115445,0.0023000103,0.011251275,0.0011244009,0.009479197,-0.006135942,-0.0026069428,0.004035922,0.0059055164,-0.004770491,-0.0013828534,0.0010357886,-0.006580546,-0.0059289825,-0.0027533565,0.006531998,-0.0048347553,-0.0065280995,-0.0059106154,-0.01019485,0.0056259967,0.0014811604,0.00493874,0.0030392697,-0.0017510919,-0.0055597182,-1.2207455e-05,-0.008729979,0.0035900245,0.005777634,-0.0073187477,0.0052960133,0.008869108,-0.0012210315,0.003908096,0.0014824201,0.002243669,0.0014609471,-0.0018599456,0.0029951679,-0.0010006175,-0.0057179225,-0.0037858672,0.006633458,-0.0020624108
0.004963644,-2.857454e-05,-0.0103867045,-0.00272411,-0.0045793424,0.012939188,0.010733805,0.0126088755,-0.00932937,0.0036660072,-0.009547899,0.003644097,-0.006558762,-0.0053562243,-0.002546247,-0.008999776,-0.004134021,0.01035904,0.010891552,-0.0063581276,0.0051942673,4.229727e-06,0.0032902535,0.001177697,-0.0033707237,-0.009175289,-0.008475784,-0.002031813,0.0028602127,-0.0023539737,-0.0004922012,0.008369684,-0.00031693248,0.00630408,-0.008869058,0.002781068,-0.00500505,-0.0027905228,0.00102225,-0.007657586,0.0030441692,-0.0009024561,-0.00029891342,0.003721194,-0.004472442,0.003221196,-0.00635643,-0.0025665273,0.0055199238,0.00074392033
-0.0025419083,0.0064826705,-0.0057650027,-9.560045e-06,-0.008265362,0.008040545,0.0034501036,-0.00025388814,-0.0010848757,-0.007662495,2.9168155e-05,0.0055666664,0.0013731446,0.0006943854,0.0067671947,-0.0010154811,0.00649916,-0.0057897484,0.008170676,-0.0021388114,0.0021048612,0.00019348525,-0.001078606,0.001687294,0.0044260803,-0.009893265,-0.0027580855,0.003997403,0.006081486,0.008476132,0.006971097,0.0004060498,-0.008998153,-0.0001963957,0.004398088,0.0037420967,-0.0010658745,0.005652268,0.002360221,-0.00022529095,0.001124862,0.008653795,-0.0050651594,-0.009196262,-0.009813662,0.002010465,-0.0014281808,-0.00022530054,-0.0020116726,0.007045085
-0.004229249,0.0001695068,0.0051143556,3.850522e-05,-0.0067062546,-0.007781858,0.0055151265,0.0006955033,-0.005329511,0.008045237,0.004608979,0.00662068,0.0068283956,0.005558325,0.00031867257,0.0015319843,0.0047848932,-0.0011148909,0.0006116173,-0.0056208908,0.008091785,-0.005568369,0.003378799,-0.0065461374,-0.0068251546,0.0005650675,-0.0052426714,0.0075478973,-0.0062428736,0.009884029,-0.003843013,-0.0073615597,0.0018854644,-0.00834429,-0.0016998735,-0.0058059,-0.0054879882,0.0007023427,0.0070791114,0.007813099,-0.0062220274,0.0059032547,-0.007776008,-0.0084101865,0.007340561,0.007154057,0.004826641,0.0028962137,-0.00038518876,-0.008895832
-0.0036083846,0.0014684233,-0.004165522,-0.0008667364,0.0058835745,-0.00617458,-0.0030244896,0.0062387837,0.0035281407,0.007480596,0.0084363315,-0.0056523685,-0.0006831387,-0.005333816,-0.004263916,0.004320319,0.0050876345,-0.008933425,0.0055226395,0.0060084015,0.007851289,0.0061630164,0.008211958,0.005442278,0.00522664,0.0019404568,-0.006109291,-0.004633712,0.00017053503,-0.0032712612,0.0048629455,0.010679019,-0.003886954,0.0089947805,-0.0008539254,0.00080196385,0.0074707717,-0.006155877,0.008253221,-0.0014752807,-0.008213398,0.009048169,0.00690992,-0.0011324756,0.007663408,-0.0016208446,-0.007462332,0.009305094,0.0045094113,-0.0066449214
-0.00033357606,-0.0012331945,0.009560725,0.001884331,0.0027235907,0.00876475,-0.0082817,0.005598018,0.0035756277,-0.009732495,0.0030422984,-0.0025892886,-0.0017915962,-0.006349788,-0.0012035497,0.007867,-0.006398615,-0.008115857,-0.0065747392,0.0049699023,0.0026451896,0.009841455,-0.0043129195,-0.009922384,-0.008345111,-9.391071e-05,-0.00085792044,0.0007445901,-0.007797372,-0.0042042425,0.005135402,0.006205415,0.009301167,0.0012800719,0.005912971,0.007861575,0.0058560167,0.0010085012,-0.0050355485,0.004058614,-0.009210279,0.009771218,-0.0020415937,0.0033230537,-0.009184407,0.0003474106,-0.003840197,0.0030288252,0.0055400855,0.008961201
-0.003416183,0.000545296,0.0032885815,0.0013574216,-0.0038662003,0.0077964747,-0.006177087,0.0037876498,-0.004158695,-0.0012473933,0.0012857887,0.009107112,0.003979675,-0.010406369,-0.0018644114,0.009530758,0.008101593,0.0008875411,0.005196786,0.0025842735,0.011506831,-0.0024905158,0.0044178073,-0.0037757454,-0.0072466694,-0.008422002,0.00496468,0.0070803273,-0.0054296963,0.0056303865,0.007853252,-0.006744874,0.0026464674,-0.008678626,-0.0015779542,0.00372684,-7.947608e-05,-0.010437985,0.009643875,0.0055811894,-0.009991305,0.006184941,-0.007992442,-0.0063117743,-0.005273734,0.0035723548,-0.01090649,0.007387954,-0.004579552,0.0016531195
0.0007287888,0.005146625,0.009288588,0.002704143,-0.004481865,0.0066555273,-0.0066729253,0.00882265,-0.008388791,-0.0038598585,0.0032114503,0.007793525,0.0028379562,0.009211284,0.00069708494,0.005269338,-0.004781024,0.0056990543,0.004156794,-0.0053207367,-0.005590392,-0.009030123,-0.005137689,-0.008345958,-0.0047331117,-0.002686053,-0.00022911486,0.004272599,0.0047647445,0.005743979,-0.0054549817,0.009875668,0.006961727,0.005812678,-0.00048682024,-0.009273991,-0.005164443,0.008103538,-0.0028419702,-0.006800523,-0.009140648,0.0033114494,-0.0050241514,-0.009426957,0.0006685278,0.0020690155,0.0040036608,0.005627156,0.0044652317,-0.009141152
-0.006176373,-0.0025391101,0.0035367084,0.0066505703,-0.0031377166,0.008057209,-0.009200801,0.00042689047,-0.006099722,0.007330069,0.008862056,0.0024333433,0.0053554806,0.0047578826,0.009796565,0.0077762315,-0.0064552557,0.006307699,-0.004160005,0.0058186706,0.0077868095,-0.0065224003,-0.006074442,-0.005878868,-0.010326788,0.006183162,0.008108354,0.0034117356,-0.0027393876,-0.001567382,-0.006647151,-0.006944735,-0.006146891,-0.00791791,-0.0023246505,-0.009465598,0.0045585046,-0.006142918,0.0066983653,-0.0032933857,-0.008244285,0.006517651,-0.0041380418,0.00087654026,0.0020316767,0.0040890994,0.004588782,-0.007713167,0.0019098597,0.0056460877
0.009421159,-0.0016258488,0.006533473,-0.0065437783,-0.007348079,-0.007265826,-0.0017997434,-0.006498364,-0.0035958576,-0.0024694833,0.0017790108,0.009436856,-0.0015444834,-0.006191581,-0.0015870464,-0.0055038217,0.0036141889,0.0027938397,-0.004626084,0.0002980019,-0.005793674,-0.009736646,0.005724669,-8.141438e-05,0.0061944705,-0.005225688,0.007345635,0.002373134,0.009545901,-0.0069716256,-0.0073891403,-0.009009262,-0.00240865,-0.0063140965,0.0017850576,-0.0056934096,-0.003683462,-0.0074789147,-0.0028271067,0.0036821372,0.00542617,-0.0072680637,-0.0034933775,-0.009515947,-0.00829484,-0.005650177,0.008303874,-0.009236431,0.006505959,-0.008479073
0.00035794577,0.007017727,0.009207383,-0.007578531,-0.0008581878,-0.005489465,0.00989637,0.004023732,0.008980907,0.00083595223,0.009022642,-0.007248474,-0.0006320982,0.0006688432,0.007996155,-0.009786076,0.0076545593,0.0051373877,-0.0034754518,0.00045410395,-0.008507993,0.0045227134,0.008118114,-0.0021112554,0.005240632,-0.005718817,0.008694305,-0.0024752142,0.0043177386,0.008948527,-0.008952114,-0.0040913187,-0.0006241779,-0.003951304,0.0018419117,-0.0094845155,0.0005455087,0.00932334,0.0042160647,-0.0076414943,-0.008549795,-0.008188256,0.0025424997,0.0036966763,-0.0047084717,0.0060308813,-0.00021234,0.0035637324,0.007718118,0.0073513137
0.00884518,1.0725347e-05,-0.009587939,-0.008249234,0.002104541,-0.00019993652,-0.009301781,0.0014299003,-0.0077938377,0.0019280822,0.0058632917,0.003160906,-0.005822889,0.0031546028,0.010222901,-0.007580612,-0.0056989044,0.006761284,0.004271334,-0.0010831008,0.011558977,-0.0036101327,-0.008923865,0.005901977,-0.004710722,-0.0071850372,-0.008149527,-0.0048276894,-0.0012257174,-0.0006769503,0.0005146105,0.005238112,-0.0071044825,0.0015515485,-0.0018351735,-0.010197232,0.0031035938,-0.010385142,-0.0063353083,-0.006881031,0.009293975,0.009149488,-0.0071228347,-0.00090822816,-0.00800027,0.006133507,-0.010889249,0.0015500869,0.00028450871,-0.0058474503
0.004963644,-2.857454e-05,-0.0103867045,-0.00272411,-0.0045793424,0.012939188,0.010733805,0.0126088755,-0.00932937,0.0036660072,-0.009547899,0.003644097,-0.006558762,-0.0053562243,-0.002546247,-0.008999776,-0.004134021,0.01035904,0.010891552,-0.0063581276,0.0051942673,4.229727e-06,0.0032902535,0.001177697,-0.0033707237,-0.009175289,-0.008475784,-0.002031813,0.0028602127,-0.0023539737,-0.0004922012,0.008369684,-0.00031693248,0.00630408,-0.008869058,0.002781068,-0.00500505,-0.0027905228,0.00102225,-0.007657586,0.0030441692,-0.0009024561,-0.00029891342,0.003721194,-0.004472442,0.003221196,-0.00635643,-0.0025665273,0.0055199238,0.00074392033
-0.007898029,0.0055142497,-0.0047801374,-0.0030867418,0.0018785063,0.00044611795,0.008564687,-0.009278109,0.0031417108,-0.0028938365,0.0057911403,-9.5467774e-05,0.00548931,0.0013856719,-0.008396856,0.0006161804,0.0010504131,0.0065877303,0.0066952184,-0.0073678573,0.008288609,0.0039637526,0.0019157131,-0.006297363,0.008811846,-0.009369202,0.009438572,-0.0040754024,0.00050025096,0.003521505,0.0055500823,-0.007468097,0.0060278554,-0.0011047241,-0.0026454953,0.0011133341,0.0067342636,-0.0077121346,0.009579411,0.001467933,-0.0035843768,-0.002646722,0.0038816668,0.008484501,0.008101414,0.003671569,0.00700445,-0.008319444,-0.0014934989,-0.0042139236
-0.00881956,0.004215563,-0.008549856,0.009222979,-0.0051021,-0.00014074761,0.009724529,0.0074191424,0.0047165505,0.0046820617,-0.0048926114,-0.0031874564,-0.009546077,0.0058550565,0.010557215,0.008071054,-0.011586362,0.0015638858,0.011881213,0.00068409264,0.009523501,-0.007064912,-0.00804189,-0.005284532,-0.011231399,-0.0062398165,0.0001268079,-0.0007251096,9.352168e-05,-0.0026985183,0.0040760124,0.007086923,-0.005875699,-0.009359055,-0.0072629424,-0.00675107,-0.0027860154,0.008208664,0.005250949,-0.0024319347,-0.0038191678,-0.0035323338,0.0009938545,0.005180122,-0.0035793753,0.0038929596,-0.0012370779,0.005261476,-0.0018374393,-0.0049132966
0.0010221588,0.0014978718,0.0042424845,-0.0008705496,-0.0062633487,0.0055469666,0.0094692,0.005767412,-0.0038391377,0.007900386,-0.0076103867,0.0028766254,0.0033816495,0.0064348946,-0.0014427324,-0.008884818,-0.0033896866,-0.0027855563,0.0036358405,-0.0012639085,-0.008734166,0.005723949,-0.009189713,-0.007047723,-0.008461785,-0.009320232,0.007331323,-0.009749312,0.009521101,-0.0072902218,0.0012672894,0.0005292526,0.0037773713,-0.008961281,0.001429074,0.0017363102,-0.005659738,0.0061161215,-0.006285348,-0.008893079,-0.00050774356,0.0062059,0.0055252216,0.003033264,-0.0037781084,-0.002317311,-0.0022731137,-0.0013197447,-0.0014468165,-0.008888428
-0.006236812,-0.006922153,0.003243192,0.005645309,0.005396198,0.0015494415,-0.0020628516,-0.00477734,0.005797479,0.009151582,0.009117159,-0.009040416,-0.004717093,-0.006376396,-0.009231608,-0.003446527,-0.009171423,-0.0021764254,0.0031079028,-0.009189765,-0.0060042758,0.0006571744,0.0077436315,-0.00805594,-0.0060322136,-0.0060696984,0.0020467504,-0.0087529905,0.009240977,-0.0039961147,-0.004732826,0.005455117,0.0036032512,0.0056368746,-0.004510895,0.0095191505,-0.00022071626,-0.0028435506,0.003592714,0.007533218,0.005458021,0.004534962,-0.007322331,0.0060706474,-0.0035175856,0.005140211,-0.001293271,-0.001304406,-0.0078981845,0.009428759
-0.006311321,0.0024325582,-0.0056059123,-0.0069614872,0.0003833978,0.009171194,-0.0048343115,-0.006386477,-0.006771054,-0.008177684,-0.008222903,-0.0068981685,0.0007585706,0.0007016377,0.002836766,0.00299863,-0.005140564,0.0036242793,0.0033254074,0.0069885603,-0.0026974736,0.007489109,0.0037912368,0.006841079,-0.006064139,0.0026172563,0.009549969,-0.003581104,0.0052549904,0.0041376916,0.0065857847,0.005876199,-0.004572999,0.0059732716,-0.0070312032,-0.0035903675,0.005388828,0.005148994,-0.008674721,-0.0067526004,-0.008410061,-0.0074185818,0.0037336764,-0.008173297,0.00057053857,-0.0040578856,-0.00090652745,0.0040796692,-0.0013894413,-0.0030397794
-0.00881956,0.004215563,-0.008549856,0.009222979,-0.0051021,-0.00014074761,0.009724529,0.0074191424,0.0047165505,0.0046820617,-0.0048926114,-0.0031874564,-0.009546077,0.0058550565,0.010557215,0.008071054,-0.011586362,0.0015638858,0.011881213,0.00068409264,0.009523501,-0.007064912,-0.00804189,-0.005284532,-0.011231399,-0.0062398165,0.0001268079,-0.0007251096,9.352168e-05,-0.0026985183,0.0040760124,0.007086923,-0.005875699,-0.009359055,-0.0072629424,-0.00675107,-0.0027860154,0.008208664,0.005250949,-0.0024319347,-0.0038191678,-0.0035323338,0.0009938545,0.005180122,-0.0035793753,0.0038929596,-0.0012370779,0.005261476,-0.0018374393,-0.0049132966
0.002652192,0.0045129205,-0.00971165,0.0039348146,-0.0027983596,-0.0025868746,-0.005801446,0.0008797426,-0.009958884,0.007187647,0.0020244387,0.0021149567,-0.00094593875,0.00810373,0.00033678193,0.0017240216,-0.0050118295,0.0022825827,0.010523582,-0.0087507125,-0.0021026907,0.004778686,-0.009114025,0.0056289244,0.0057296455,-0.007361187,0.003048629,-0.00040874598,0.0053450232,0.0053926837,-0.0026598666,-0.0074007064,0.008356452,-0.007521793,-0.0045030047,-0.008842779,-0.00336208,0.0066583836,-0.00059626566,7.462355e-05,-0.008208296,0.0073618484,-0.010391339,0.008995236,-0.0075742174,0.0042791916,0.008559047,0.0073980554,0.0061313612,0.0027486219
-0.0025419083,0.0064826705,-0.0057650027,-9.560045e-06,-0.008265362,0.008040545,0.0034501036,-0.00025388814,-0.0010848757,-0.007662495,2.9168155e-05,0.0055666664,0.0013731446,0.0006943854,0.0067671947,-0.0010154811,0.00649916,-0.0057897484,0.008170676,-0.0021388114,0.0021048612,0.00019348525,-0.001078606,0.001687294,0.0044260803,-0.009893265,-0.0027580855,0.003997403,0.006081486,0.008476132,0.006971097,0.0004060498,-0.008998153,-0.0001963957,0.004398088,0.0037420967,-0.0010658745,0.005652268,0.002360221,-0.00022529095,0.001124862,0.008653795,-0.0050651594,-0.009196262,-0.009813662,0.002010465,-0.0014281808,-0.00022530054,-0.0020116726,0.007045085
0.0035812291,-0.007420874,-0.0014022879,0.0027591381,0.0073846253,0.0049678828,0.0058244863,0.011818284,-0.0045332834,-0.006043694,0.0057032756,-0.0061073806,-0.0027588347,-0.00932937,0.0011352343,0.0018457632,0.0048182206,-0.0075998856,0.009332553,-0.00194946,0.01000927,-0.0027142975,0.007196557,-0.006540991,-0.008050786,-0.0036901468,0.0016453444,0.008906091,0.0032250572,0.0040987567,-0.0044921213,0.0056384355,0.009140792,-0.0030558181,0.00028925546,-0.0033328065,0.0037834642,-0.008203191,-0.0025943327,0.0036394168,-0.0031425832,0.0031366393,-0.0037057907,-0.0054206727,-0.006086223,-0.004530794,-8.7371336e-05,0.009495162,-0.006141571,-0.010810331
-0.0055434993,-0.00079093775,-0.0012841037,0.00093488337,-0.009776,0.009099034,-0.0015098363,-0.00066674553,-0.0057454645,0.0033474881,-0.0056129885,-0.008233752,0.0039710533,0.00531907,0.0063177287,-0.005858907,-0.00087304437,-0.0023186982,-0.0038269293,-0.006658612,0.0031891996,-0.008946533,0.0006145222,-0.0076650525,-0.0054587,0.008377676,0.0020923987,0.00076626503,-0.0035137995,0.0049936557,0.00434284,-0.0012389779,0.009684493,0.008514886,0.006072746,0.0039246404,0.008726898,0.0007868808,-0.0043013883,-0.0007988038,-0.0009786133,-0.0018908656,0.007904934,-0.0075735967,0.0018943513,0.00971134,0.0057538045,0.008746815,0.0012385669,0.00028475854
-0.00881956,0.004215563,-0.008549856,0.009222979,-0.0051021,-0.00014074761,0.009724529,0.0074191424,0.0047165505,0.0046820617,-0.0048926114,-0.0031874564,-0.009546077,0.0058550565,0.010557215,0.008071054,-0.011586362,0.0015638858,0.011881213,0.00068409264,0.009523501,-0.007064912,-0.00804189,-0.005284532,-0.011231399,-0.0062398165,0.0001268079,-0.0007251096,9.352168e-05,-0.0026985183,0.0040760124,0.007086923,-0.005875699,-0.009359055,-0.0072629424,-0.00675107,-0.0027860154,0.008208664,0.005250949,-0.0024319347,-0.0038191678,-0.0035323338,0.0009938545,0.005180122,-0.0035793753,0.0038929596,-0.0012370779,0.005261476,-0.0018374393,-0.0049132966
0.003828292,0.0029441,0.0026980827,0.010173096,0.0062384615,0.0026404243,0.0021075397,-0.004339261,0.005775562,0.010316563,0.0030229196,-0.006166369,-0.0073627597,0.008947441,-0.00619269,0.00019835931,-0.0001479955,-0.006873399,-0.0029206623,0.006377676,0.0065683867,0.009645783,-0.008375741,-0.0047035106,-0.010005342,0.0013460036,0.00787701,-0.0098612085,-0.009159602,-0.0006776476,-0.0019860729,0.0060287626,-0.005632355,0.006430992,-0.009130242,-0.003607633,0.006527944,-0.008632406,-0.00090473995,0.004567771,0.0064785746,-0.005549315,0.003600143,-0.0047951466,0.0060699093,0.009062866,0.0007452538,-0.0014994012,-0.006892317,-0.009076647
0.0055386866,-0.0053524487,-0.0028374067,-0.000655734,-0.009425198,-0.0044171805,0.000866352,0.009858204,-0.0053748176,0.0068317526,-0.0039183632,0.009643318,-0.0077106804,0.0039230185,0.009097944,-0.0057074293,0.006563603,-0.003297852,0.00071084953,-0.008344054,0.0086328,-0.008429878,0.0022725558,0.005194261,0.0039926106,-0.0013780852,-0.008555202,0.009343169,-0.009116526,0.00019097177,-0.006428394,-0.0013606219,-0.0051086512,0.004427956,0.0039594513,0.0031750218,-0.008226922,-0.0070383586,-0.0010956903,0.0064554936,0.009584289,0.0030108087,0.006793869,0.0016167422,-0.006680253,-0.005697857,0.0040720752,-0.002250599,-0.0039163106,-0.003275853
-0.004229249,0.0001695068,0.0051143556,3.850522e-05,-0.0067062546,-0.007781858,0.0055151265,0.0006955033,-0.005329511,0.008045237,0.004608979,0.00662068,0.0068283956,0.005558325,0.00031867257,0.0015319843,0.0047848932,-0.0011148909,0.0006116173,-0.0056208908,0.008091785,-0.005568369,0.003378799,-0.0065461374,-0.0068251546,0.0005650675,-0.0052426714,0.0075478973,-0.0062428736,0.009884029,-0.003843013,-0.0073615597,0.0018854644,-0.00834429,-0.0016998735,-0.0058059,-0.0054879882,0.0007023427,0.0070791114,0.007813099,-0.0062220274,0.0059032547,-0.007776008,-0.0084101865,0.007340561,0.007154057,0.004826641,0.0028962137,-0.00038518876,-0.008895832
0.00024920428,-0.0045554987,-0.0009812582,-0.005278378,0.006952074,0.003363629,-0.0028853149,0.004356765,0.0013051262,-0.006738899,-0.0028580604,0.0019336559,0.0002952804,0.0032765674,0.009881183,0.0050257975,-0.006546389,0.0064821355,-0.004226574,0.009010104,0.007686428,-0.0024606176,0.009117114,-0.0072470577,-0.007648655,0.0007247695,0.0018847069,0.0014475769,-0.007386706,0.006825347,0.0070496807,0.0094284,0.008417188,-0.0065494603,-0.009536877,-0.010138439,-0.0073104254,0.0070835473,0.00829605,0.001895665,-9.5364776e-05,0.008532897,0.00048402176,-0.009490953,0.0061573256,0.008401895,0.0042923926,0.008217867,0.009648441,0.0028915785
-0.003416183,0.000545296,0.0032885815,0.0013574216,-0.0038662003,0.0077964747,-0.006177087,0.0037876498,-0.004158695,-0.0012473933,0.0012857887,0.009107112,0.003979675,-0.010406369,-0.0018644114,0.009530758,0.008101593,0.0008875411,0.005196786,0.0025842735,0.011506831,-0.0024905158,0.0044178073,-0.0037757454,-0.0072466694,-0.008422002,0.00496468,0.0070803273,-0.0054296963,0.0056303865,0.007853252,-0.006744874,0.0026464674,-0.008678626,-0.0015779542,0.00372684,-7.947608e-05,-0.010437985,0.009643875,0.0055811894,-0.009991305,0.006184941,-0.007992442,-0.0063117743,-0.005273734,0.0035723548,-0.01090649,0.007387954,-0.004579552,0.0016531195
-0.009495641,0.005056786,0.00406534,-0.007533926,0.006167967,-0.0013831564,-0.008558309,-0.008224387,0.009351296,-0.005611081,-0.0007138134,0.008449199,0.00760357,0.00011946241,0.0011897574,-0.0046238685,-0.0007049795,0.0076663084,0.009022663,0.0026561152,-0.002294032,-0.004467051,-0.004047952,-0.0039360183,-0.0070312135,-0.002136158,-0.0008054935,0.009505997,0.0067335353,-0.008478142,0.0030058997,0.0057335496,0.0038455725,0.0073667048,-0.0054470105,-0.008735739,-0.009853762,0.008102085,0.0033548565,0.0003537311,0.0014616256,-0.0063845892,-0.002078751,-0.0048262076,0.006571195,0.0040177684,-0.0020735795,0.009774639,-0.008201566,0.0018139131
0.0013390572,0.004559747,-0.0009267606,0.006677676,-0.0042130845,0.0027950057,0.0020918674,0.0083210915,-0.009966168,-0.00621382,0.0051111644,0.008062472,0.008791868,-0.008811633,-0.0081845885,0.00082342076,-0.0011074971,-3.2567812e-05,0.0014608043,-0.00781295,0.0050127073,0.0017735728,0.0021869503,-0.0058004474,-0.006456214,-0.00713905,-0.0019557371,-0.009688554,0.004487045,-0.0011200309,-0.0051528085,-0.006115528,-0.00342707,0.0069812206,0.0066887387,0.0032008893,-0.0093745785,-0.0035378095,0.0018168475,-0.0006086312,0.0069590067,-0.006858707,0.00034363125,-0.0022291904,-0.008731301,0.002117081,0.0043577584,-0.007654946,0.006756228,-0.01075998
0.00058234466,-0.002791534,0.0025456455,-0.005567444,0.0060368557,-0.0060814833,-0.003518396,0.003989336,0.0077735744,0.0031213458,-0.0043245656,0.004341649,0.004116458,0.0061942637,-0.0023904308,0.0034522163,-0.009772526,5.3658576e-05,0.0093817925,0.0040790928,-0.0039437795,0.00570154,0.007938791,-0.0054586353,0.0051270714,-0.007301203,0.007131298,-0.0057198755,-0.0055091605,-0.00962603,-0.0074723773,0.006721139,-0.0012400263,-0.007140932,-0.008608949,0.0040559294,-0.007124757,-0.007705602,-0.0028619266,0.00048811408,-0.0035859013,0.0111274235,-0.0046161423,-0.0021701446,0.0039788987,0.005863985,-0.0053504123,0.010344567,-0.00400672,0.005698821
-0.006700519,-0.0012960138,-0.0043239766,-0.0044170553,0.0027795816,0.0026480767,0.0046630017,0.009143777,0.007839353,-0.0005283418,-0.0028121157,-0.0071645183,0.004208737,0.0056223967,-0.008381297,0.00024909538,0.005781881,-0.0028486177,0.008902427,0.0035105643,0.0015354321,-0.0074139447,-0.002625063,-0.0030440174,-0.004475487,0.0037139014,0.0010982045,0.0034448386,-0.008520012,-0.007877037,-0.009110463,0.009118998,-0.0078066597,0.0061790356,0.0024201586,-0.0069878236,3.6434692e-05,-0.0072874166,0.0066747176,0.0060567628,-0.009020032,0.009749337,-0.010113277,-2.9648689e-05,0.0035690963,0.0042881006,-0.004387954,0.005927731,0.009810444,0.00750371
0.00884518,1.0725347e-05,-0.009587939,-0.008249234,0.002104541,-0.00019993652,-0.009301781,0.0014299003,-0.0077938377,0.0019280822,0.0058632917,0.003160906,-0.005822889,0.0031546028,0.010222901,-0.007580612,-0.0056989044,0.006761284,0.004271334,-0.0010831008,0.011558977,-0.0036101327,-0.008923865,0.005901977,-0.004710722,-0.0071850372,-0.008149527,-0.0048276894,-0.0012257174,-0.0006769503,0.0005146105,0.005238112,-0.0071044825,0.0015515485,-0.0018351735,-0.010197232,0.0031035938,-0.010385142,-0.0063353083,-0.006881031,0.009293975,0.009149488,-0.0071228347,-0.00090822816,-0.00800027,0.006133507,-0.010889249,0.0015500869,0.00028450871,-0.0058474503
0.009486146,-0.00680538,-0.009259517,-0.0072238697,-0.00076850696,-0.000542481,0.0066666394,0.007230333,0.0023380688,-0.00023881508,0.0067405994,0.0060451166,-0.0027995203,0.002250318,0.0041705538,0.0006084006,-0.007211113,0.008834303,0.009112184,0.0077878293,0.0035479984,0.0098826,0.0010877289,0.007655151,0.008900986,0.0071183234,0.0050072502,0.00040245435,-0.007389279,-0.008778523,-0.008380889,-0.009009635,-0.00778026,0.0015121514,0.009292378,-0.005432494,0.0012413785,0.005450219,-0.006691294,-0.005569897,0.0014596691,0.00599843,0.008184515,-0.0034960366,-0.008084647,0.0040400135,-0.0054544387,0.002304049,-0.008652089,-0.009433018
-0.0013871964,0.0017253145,0.007199886,0.009062647,0.008791025,-0.0019465949,0.007966942,0.008192499,-0.0076470734,-0.00022577237,-0.00050043274,-0.0021215742,-0.008158564,-0.00964792,-0.007076716,0.0010611641,-0.00022684963,-0.008588488,0.010253016,-0.0067984215,-0.00011620054,0.0064916685,6.930545e-06,0.002117058,0.008501885,0.005585851,-0.00089921575,0.0019979677,-0.008737573,0.0036330584,-0.0009449602,-0.004226729,-0.0040309657,-0.00027025095,-0.0088979285,-0.003888114,0.00019497707,-0.003135316,-0.000106161,-0.005332689,-0.0071149315,-0.007094403,0.005620869,-0.0052254843,0.0026544116,-0.006448221,0.0022834146,0.008959645,0.0066306493,-0.0100318
0.0036874418,0.008799415,-0.009702063,0.009715166,-0.0058027385,0.007316035,-0.0029329914,0.0069128037,-0.00024359002,0.0058300765,-0.0035618125,-0.009592256,0.005680156,0.0070215305,0.0010493315,0.00994725,-0.006000704,0.0044745808,-0.0043114047,-0.004894626,-0.0011557316,0.005040509,0.0042044013,-0.0047688135,-0.0057418044,0.0049277386,0.0012397149,0.000381369,-0.009847783,-0.0016317193,-0.0045136088,0.005252493,-0.0028437602,-0.0055065085,0.0036267587,-0.000545406,-0.0014929896,-0.0043136873,0.0057505467,0.002843193,-0.0012087316,0.001155224,-0.004406656,0.0033950033,-0.0055951467,-0.0045664534,0.004406068,-0.00078049063,0.006748774,0.0040856535
-0.007940139,-0.0010402898,0.0024064968,0.0010129374,0.0017558226,0.0040828,-0.00742376,0.0016393793,-0.0065848976,0.0039805346,-0.009252393,0.007986541,-0.0024171704,0.0043535964,0.005090703,-0.0073806597,0.0065383,0.005605815,-0.0058531594,0.0010680959,-0.0022766946,0.005804281,-0.008741447,0.009789007,-0.008061504,0.009330521,-0.007726613,-0.0069334256,0.0017560287,0.006882867,-0.0024994486,0.009093737,-0.0015415441,0.0010261954,0.0005866842,0.0052893804,0.0072506825,-0.0023415198,0.00839946,-0.00634648,-0.0028886881,0.00116911,0.005738714,-0.0075917086,-0.000248501,0.0062470622,-0.009151297,-0.00040222888,0.00040192375,-0.0018473107
0.0021764017,0.009458366,0.0028380502,0.0021106452,-0.0060347463,0.0019625886,-0.0077316216,-0.008592031,0.005985184,0.0006927231,-0.0033842286,0.002841341,-0.0062181083,0.0032931622,0.004735874,0.0012974261,-0.0061664935,-0.009267006,-3.9505845e-05,-0.004889852,0.0061181295,0.009078795,0.0063598347,-0.0026703463,-0.008105771,0.008946362,-0.005093945,-0.00993261,-0.00945045,-0.004932626,-0.00896166,0.006138751,-0.0043542837,-0.0039179963,-0.007277553,0.0015917531,-0.008852808,-0.007181094,0.0067263595,-0.00086239656,-0.008267655,-0.0035478172,-0.005077797,0.0051140036,0.0020796286,-0.00084885507,-0.009435785,0.009704816,-0.0026904063,0.005381862
-0.003954205,-0.003802296,-0.0049181785,0.008531433,0.004610027,-0.0062706447,-0.0012150082,0.011330498,-0.009465562,0.0068358877,-0.0027548478,0.0012236217,-0.007041998,-0.009564697,0.0043432657,0.005147531,-0.010344402,0.008594605,0.011586514,0.0013615041,0.0023760756,-0.009169617,-0.0015719814,-0.00438102,0.001514165,-0.0049593165,-0.0012427464,-0.009467653,-0.008102114,0.00084728556,-0.0071173613,0.0021310053,0.004704044,0.00760207,0.0056768144,-0.0032761681,-0.0069253086,0.0016598358,-0.009040522,0.001964772,-0.0022822046,0.006059886,-0.0066307792,-0.003952572,-0.009157011,0.0056165857,0.0064358874,-0.0073216246,-0.0004128347,-0.004545912
-0.006120534,0.004907703,0.003223646,-0.006566149,-0.0034880294,0.008976414,0.004705207,-0.0037455675,-0.0012048295,0.004629579,0.0007897454,0.006231894,-0.0048923255,-0.008938475,-0.007354945,-0.0022974235,0.0005848609,0.0074717356,0.0017896885,-0.0026942976,0.002732588,-0.0037931623,-0.008454077,0.0045617875,-0.0020751248,-0.00093033514,-0.010131067,0.004466291,-0.0004530363,-0.005908912,0.0025244143,0.008005514,0.006316275,-0.0074874354,-0.0045416513,-0.008988248,0.0064722216,-0.0094996495,-0.0051054326,0.006776842,0.006707716,0.009533115,-0.007136106,-0.01080294,0.009810494,-0.005824059,0.006586237,-0.00080411945,0.0074775284,-0.0007877545
0.0037408017,0.008854237,0.0041769943,-0.0011277356,0.0021009373,0.009478317,-0.0050475122,-0.007757936,-0.008287037,0.003773036,-0.005008141,0.0016454915,-0.0074599585,0.0025989243,-0.002121483,-0.0010415312,0.0036314288,0.0013946982,-0.00032341183,0.006207304,-0.0074962922,0.0057946444,-0.0065122037,-0.008713365,6.173747e-05,0.0044687707,-0.00088021165,-0.0070689484,0.0042392197,0.0066138846,0.0023193848,-0.0035396228,-0.0038055007,-4.5713892e-05,0.008324918,-0.006151639,-0.007799554,-0.0065426105,0.003087649,-0.008454824,-0.001942926,-0.0019555113,-0.0077599366,0.0013984808,-0.0068983436,0.0040569673,0.006671765,0.004451549,0.00706463,0.0034577472
0.00074778125,0.008938378,-0.0022036328,0.009494424,-0.005359122,0.007344639,0.008054064,0.0011237025,-0.006402767,0.0043661213,0.008521133,-0.00020772162,-0.0024906492,-0.009698871,-0.0040704194,-0.00026922673,-0.003906921,0.005437784,0.0099476995,-0.0008665959,0.0010818575,-0.0012473867,-0.0032688156,-0.006344807,-0.0038609481,-0.010341562,-0.0005138873,0.004435537,0.0036306423,0.0026999926,-0.0053469404,-0.0029055378,0.003916211,0.006239432,0.0026416604,-1.8690092e-05,-0.0030621765,-0.003667097,2.476113e-05,-0.0018137345,0.0006464205,0.010524149,-6.9030015e-05,-0.009924409,0.008960912,0.00016826078,-0.010539231,-0.0016239398,-0.005804052,-0.0068510873
0.0055399477,-0.00018107583,0.0020228003,0.0041345516,0.0018706784,-0.006716929,-0.007082427,-0.0006638404,0.0064031933,0.0014964791,0.00010722237,-0.009697119,0.002583338,0.0038640173,-0.0053251246,0.0073859114,0.0006753661,-0.0016835583,0.008247299,0.0064829513,-0.0009158447,-0.0015367187,-0.00029571966,0.0096122045,-0.0078595895,-0.005926155,-0.002395305,0.009360334,0.0054186364,0.0018014264,0.0017729077,0.005554094,-0.0030167287,0.0011749056,0.0030542403,-0.0066454625,0.005679265,0.009128239,-0.002070544,0.0049674287,-0.00041881495,0.007401083,0.0029212222,0.0047113607,-0.0042789946,-0.0005586352,0.008141485,0.007867124,-0.007242496,-0.004233106
0.0072860196,0.0077062026,0.0076897037,0.0055715456,0.0029453633,0.006387419,0.009139795,-0.0009512076,0.00038603862,-0.0026093863,0.0066201617,0.0006641416,0.007145737,0.008734194,0.007256579,0.007309632,0.003668903,-0.00036097525,0.007238288,-0.007811753,0.0064884606,-0.0009003444,0.0033163638,0.0037781533,-0.0018775329,-0.007886428,-0.008830765,0.006340457,-0.0023971521,0.0038838426,0.0074351463,0.0091263335,0.00091093814,0.0038089287,0.0020005817,-0.0052023917,0.0048173997,0.0010993093,0.007062511,0.0034236067,-0.0028810746,0.00027348383,0.009692148,-0.00086026115,-0.0053233625,-0.009391229,0.0038084104,-0.008389141,-0.004176403,-0.006113201
-0.008011367,-0.00045917637,0.0066831773,0.005497644,-0.006189783,-0.0056522163,0.0062349318,0.0014164748,-0.0057485467,-0.0035217176,-0.009736302,-0.0067452784,0.0004626422,0.0062407204,0.00995741,-0.006794184,0.00036524466,-0.0031074043,-0.0064464305,0.007491282,-0.0016483198,0.0014985533,-0.009384316,-0.0074095265,-0.0046249293,-0.004778734,-0.0015488107,-0.0051941276,-0.008797268,-0.0072023324,-0.010018554,0.007229504,2.7910355e-05,-0.007050379,0.00011082218,-0.0053695403,-0.010029814,-0.005612119,-0.007028961,-0.0033176595,-0.003660263,0.0018764766,0.0018671821,-0.003757118,0.004303305,-0.0041455305,0.0069779884,0.00011200608,-0.008834001,0.0067745615
0.0010217389,-0.00020125342,-0.009210743,-0.005637497,-0.0077466266,-0.004231691,0.004194088,-0.0028166187,-0.0015894872,0.0058593345,-0.0025956004,-0.0011835844,0.0059826095,-0.008387332,0.009385574,0.002887988,0.007615183,0.004522448,0.009137837,0.001052707,-0.009377087,0.003190563,0.0026437524,-0.010039885,-0.0065864585,-0.004289953,0.0024425006,0.003161969,0.006881641,-0.005963437,0.00037413792,-0.007405924,0.009664858,-0.004309128,-0.0068789693,0.007890582,-0.0033220842,0.008664856,0.0071786265,0.005511674,-0.008977712,0.004178343,0.0009097574,-0.006141437,0.006722963,0.0008390307,-0.0034260084,0.0008492978,0.0030203627,0.0021788222
-0.0012393995,-0.0040218146,-0.008208541,-0.0039015906,0.0057884315,-0.00357531,-0.0061632916,-0.009123544,-0.008236619,-0.0032282234,-0.002517486,-0.0033214863,-0.006903909,-0.009251257,-0.009251984,-0.006284146,-0.0054641985,-0.007851035,0.002826571,0.008936176,-0.004967592,0.0077774455,0.0069047017,-0.008854438,-0.008802387,-0.00724518,0.007179992,0.00051272934,-0.010071838,0.009894958,0.003118378,-0.0011165752,-0.0052074594,-0.0074766115,-0.00052137504,-0.0055933343,-0.002532771,-0.010045611,-0.008592242,-0.0074260896,-0.0054792445,-0.006107446,-0.0051953746,-0.006019296,-0.0074716257,-0.006624116,0.009393439,-0.00639282,0.0030409691,0.009173267
-0.007165999,-0.004332099,-0.0034567928,0.0036650395,0.0075145266,0.0066970633,0.0045260135,0.0025072305,-0.0036420755,-0.007175639,0.008751421,0.004184509,0.003749118,0.0069526327,0.008985332,0.004367688,-0.010445086,0.010226458,0.0019201164,-0.008403101,-0.0045390753,0.007221185,-0.009068793,0.005123322,-0.003952516,6.050296e-05,-0.0059055896,-0.001983157,-0.0063624172,0.008949439,0.009179843,0.009653721,0.0026360177,-0.005264893,0.0029977744,-0.0052698427,-0.00043996575,0.005297914,-0.0046576993,0.0039268225,0.0004036269,0.009017404,0.0037535953,0.0045026387,0.0066089635,-0.009246917,-0.00882156,0.008872299,0.0052575385,-0.003619937
-0.009031812,-0.005014011,-0.007331964,0.0069869985,0.0024295573,0.006611969,0.005984479,0.007977241,0.0003269364,-0.0027009,-0.00064333115,0.0043150163,0.0031877907,0.0021365315,0.003899542,-0.005342282,-3.6632122e-05,0.0013006687,0.00014385278,-0.002021756,-0.0069941743,-0.007126109,-0.0071536736,-0.0049607377,0.004716561,0.006902841,0.007718512,-0.008847653,-0.0034330839,-0.0012871005,0.00074301485,0.006945834,0.0042300974,-0.004278197,0.0052063996,-0.009834854,-0.00092302595,0.0054692836,-0.0054207994,0.009797372,0.0054815174,-0.006445743,0.0065607443,-0.0044115027,-0.0063171657,0.005888193,0.00049685483,-0.002692437,0.0018427299,0.008033113
-0.006418848,-0.004432848,-0.0041598054,0.007951094,-0.0068571945,0.0074150823,0.0054919017,-0.008104825,-0.008759119,0.004657731,-0.005086789,0.009845907,0.0072156996,0.007906868,0.0041826474,-0.001692818,0.007244971,0.0048957635,0.007856296,0.0038540647,-0.0027928208,-0.005902361,-0.0047376915,0.004115814,-0.0073234313,0.0047490387,-0.0014153662,-0.004363375,0.0050021,0.0044068634,0.0018434882,0.00032046947,0.003985899,0.006964714,-0.0021353976,-0.009274445,-0.002553229,0.0025279832,0.002062084,0.0034171182,0.009210362,0.0091813225,0.00781098,-0.003360407,0.008581778,0.006426442,0.007753264,-0.008364352,-0.007553577,0.0014471099
0.004963644,-2.857454e-05,-0.0103867045,-0.00272411,-0.0045793424,0.012939188,0.010733805,0.0126088755,-0.00932937,0.0036660072,-0.009547899,0.003644097,-0.006558762,-0.0053562243,-0.002546247,-0.008999776,-0.004134021,0.01035904,0.010891552,-0.0063581276,0.0051942673,4.229727e-06,0.0032902535,0.001177697,-0.0033707237,-0.009175289,-0.008475784,-0.002031813,0.0028602127,-0.0023539737,-0.0004922012,0.008369684,-0.00031693248,0.00630408,-0.008869058,0.002781068,-0.00500505,-0.0027905228,0.00102225,-0.007657586,0.0030441692,-0.0009024561,-0.00029891342,0.003721194,-0.004472442,0.003221196,-0.00635643,-0.0025665273,0.0055199238,0.00074392033
0.0038927605,0.0047850776,-0.0008347875,0.008682204,0.0057871332,-0.009207955,0.002756369,0.009416255,0.00056166557,0.009172243,-0.002402082,-0.0012592435,-0.007706762,-0.004659939,-0.0052401237,0.0045503424,0.0044059902,0.0022336454,0.008370756,-0.008564293,-0.0020714179,-0.004989368,0.008369457,0.0092997495,-0.009525488,0.0022524956,0.0004860357,-0.008991295,-0.0077458657,-0.005398796,0.0052714273,-0.0011148675,0.00037182076,-0.009826477,0.008013846,-0.00907081,-0.004386482,-0.005104545,0.008465096,-0.008870317,-0.0037652287,0.00997545,-0.007397889,-0.0024217244,0.008921215,0.004333754,-0.0064640436,-0.0050806114,-0.006764967,-0.002150266
-0.0064708088,0.00694714,-0.008121818,0.0014312292,0.003022074,-0.0075564324,0.00073052704,0.0033555538,-0.0012168366,-0.0012688426,-0.0059768865,-0.006228355,0.0044315457,0.00241619,0.009777983,-0.0014711933,-0.0005370326,-0.0031231812,-0.006311245,-0.0029494085,0.009194304,-7.621972e-05,-0.0032121795,0.0020723364,-0.0097222775,0.008830776,-0.009813973,0.0021550967,0.0002296046,-0.0031383033,0.0040966077,-0.0023606815,0.008799185,0.007191146,-0.008867591,-0.004230417,0.004021637,-0.0054126196,-0.009107507,-0.006435358,0.008053216,0.004339648,-0.0056960103,0.0008917672,-0.0028487719,0.0021428403,-0.008607827,-0.00038250186,0.0031741646,-0.0024765048
0.003933727,0.0110406205,0.005694335,-0.004850601,-0.009343961,-0.0019028982,0.004410852,0.010164896,-0.011603649,-0.0013944283,-0.0007115187,-0.00363702,0.00098554,-0.0033633066,0.010740435,-0.004750581,-0.0023249744,-0.007971272,0.010145397,-0.0036904837,0.0053307493,0.0019767762,0.004398855,-0.0036541282,-0.01273948,0.003375539,0.006416006,0.0096384995,0.0018103643,0.0030806053,-0.000384236,-0.0016471314,-0.003883556,0.0001728642,0.0050466964,-0.008312785,0.004862947,0.0016255216,0.005493927,-0.0017491836,-0.001082481,-0.007706102,-0.0003159795,-0.009926379,-0.0010042636,0.010132577,-0.009780902,-0.007147294,-0.007913315,-0.0017989228
0.0038840075,0.0063154195,-0.0036451477,0.007531885,-0.002050742,0.0037384613,0.0067679477,-0.000101423255,-0.009478496,0.0038511762,-0.008843809,0.005776197,0.00989631,-0.007138863,-0.004738824,-0.0086703,-0.0021235025,0.009753833,-0.00309825,0.004493934,0.009825015,2.080978e-05,-5.6814726e-05,0.0065541556,0.0072732638,-0.0011303545,0.009319647,0.002366952,-0.0078671435,0.009558673,0.0022903776,-0.008742505,0.0027431238,0.007645892,-0.0069844215,-0.009751477,-0.009855443,0.0018461243,-0.0037741377,0.003443316,-0.007025391,-0.0020714803,-0.00071599433,-0.0018509142,0.0011612574,0.0071213217,-0.008219142,0.008435779,-0.0053994944,0.005444564
0.004963644,-2.857454e-05,-0.0103867045,-0.00272411,-0.0045793424,0.012939188,0.010733805,0.0126088755,-0.00932937,0.0036660072,-0.009547899,0.003644097,-0.006558762,-0.0053562243,-0.002546247,-0.008999776,-0.004134021,0.01035904,0.010891552,-0.0063581276,0.0051942673,4.229727e-06,0.0032902535,0.001177697,-0.0033707237,-0.009175289,-0.008475784,-0.002031813,0.0028602127,-0.0023539737,-0.0004922012,0.008369684,-0.00031693248,0.00630408,-0.008869058,0.002781068,-0.00500505,-0.0027905228,0.00102225,-0.007657586,0.0030441692,-0.0009024561,-0.00029891342,0.003721194,-0.004472442,0.003221196,-0.00635643,-0.0025665273,0.0055199238,0.00074392033
0.004738342,0.007472396,0.007367138,-0.009114633,-0.010097434,0.0056845034,0.00040781486,-0.0060283598,-0.0084168585,-0.005839099,-0.0040035048,-0.0040332614,-0.004928335,-0.0070487014,0.009471334,0.006291203,0.007334614,0.0018511494,0.0011961691,-0.0070678936,-0.00055962097,0.00178182,0.007458092,-0.0077249287,-0.003249116,0.004124007,0.0024065883,0.0071443617,0.007356036,-0.0087848175,-0.002682029,-0.007814855,-6.082955e-05,-0.00906488,-0.0034763983,0.0012245119,0.008234033,0.007156026,0.009308733,-0.002644339,-0.0061267535,0.006740939,0.0014486096,0.0009060622,0.0031466915,-0.004386827,-0.0020995787,0.003230799,0.008553418,-0.004250257
-0.0036254681,0.0015308256,-0.0051659076,0.0010903947,-0.007690364,0.0010335048,0.00738079,-0.0043980693,-0.005670146,-0.000644005,-0.0018806648,0.0017171496,-0.0045300485,-0.009175168,0.010065228,0.00061557104,-0.0024115639,-0.00057872495,0.0017635628,0.0040640202,0.0047909776,0.00016134918,0.00528416,0.0037480223,0.005531072,0.008733525,-0.00032209588,0.0005155165,0.004079193,-0.009232891,0.005766342,-0.0045821457,-0.0029430098,0.0055328035,0.0025715625,0.007890381,-0.007826279,-0.0033597245,-0.009682633,0.002387931,-0.0027598166,0.0070559573,-0.0010427969,-0.0016582053,-0.0040795505,-0.0037521017,-0.007869455,-0.0063413465,-0.0051270933,-0.0065671224
-0.00881956,0.004215563,-0.008549856,0.009222979,-0.0051021,-0.00014074761,0.009724529,0.0074191424,0.0047165505,0.0046820617,-0.0048926114,-0.0031874564,-0.009546077,0.0058550565,0.010557215,0.008071054,-0.011586362,0.0015638858,0.011881213,0.00068409264,0.009523501,-0.007064912,-0.00804189,-0.005284532,-0.011231399,-0.0062398165,0.0001268079,-0.0007251096,9.352168e-05,-0.0026985183,0.0040760124,0.007086923,-0.005875699,-0.009359055,-0.0072629424,-0.00675107,-0.0027860154,0.008208664,0.005250949,-0.0024319347,-0.0038191678,-0.0035323338,0.0009938545,0.005180122,-0.0035793753,0.0038929596,-0.0012370779,0.005261476,-0.0018374393,-0.0049132966
0.0049305507,-0.0010623152,0.005360428,0.006596112,0.0057103415,-0.006086303,-0.0037614459,-0.0009896496,0.003223041,-0.0042170254,0.0034712625,0.009121064,0.0036995392,-0.0037262836,0.007058482,0.0016929262,0.0026765512,0.0029178497,0.010403254,0.004108325,0.010105962,0.006845035,-0.006107839,0.0022976412,-0.0012528524,0.008689686,0.008660929,0.0076277573,-0.004387309,-0.0032833153,0.009487191,0.00067130825,-0.0052640457,-0.0013583465,-0.005139426,-0.0008776369,0.008886027,-0.004670008,-0.0010475398,0.0032792492,-0.005203249,-0.0009056908,0.003988513,-0.00536104,0.008394561,0.0058368687,0.0051565054,0.0063310065,-0.0047692554,0.008959049
0.00976801,-0.005040623,-0.008333933,-0.0005437175,-0.0030029733,-0.0018415595,-0.0028501465,-0.009100476,-0.0034603374,-0.00868741,0.009696828,0.003799454,0.000595625,0.006679493,0.004154245,-0.0022274307,0.0061652306,0.006450556,-0.0032542972,0.0039401012,0.0071592755,-0.006968525,0.0076455153,0.009051577,-0.0049799983,0.008663365,0.007970112,0.008327973,-0.0014666208,0.0009135362,0.008412512,-0.004560632,-0.0084474785,0.0033189277,-0.0047445023,0.00027759062,0.0079358835,0.001166311,0.0026313844,-0.009662159,-0.000993838,-0.0033785927,-0.0071966005,-0.009755046,-0.002182885,0.0020490855,0.0009543444,-0.008752457,0.0036017906,-0.009565739
-0.0014823575,0.008744237,-0.0063472013,-0.0070463354,-0.0070387465,0.008430544,0.0042538852,-0.0062268106,-0.00023747452,0.008493389,0.0076521016,0.009894397,-0.007320858,-0.00905732,0.0014942123,-0.008322358,-0.0052668094,-0.0015749437,0.0013667834,-0.0075657,0.009429597,0.008836574,0.0012425666,0.008928301,-0.0090988325,0.008186794,0.0015112626,0.005565576,0.0077278875,-0.0003940517,0.006173979,0.0057061133,0.0054236013,-0.008258113,-0.0059801512,-0.008825791,0.0019267071,-0.0035342707,0.0071726074,0.005104982,0.006617738,-0.0024808266,0.008589812,0.009564621,0.00202448,-0.0091598,0.008445372,-0.007561205,0.0015834753,0.009534508
-0.004428285,-0.002520301,0.008584665,0.0030302997,0.001460803,0.0053115445,0.0023000103,0.011251275,0.0011244009,0.009479197,-0.006135942,-0.0026069428,0.004035922,0.0059055164,-0.004770491,-0.0013828534,0.0010357886,-0.006580546,-0.0059289825,-0.0027533565,0.006531998,-0.0048347553,-0.0065280995,-0.0059106154,-0.01019485,0.0056259967,0.0014811604,0.00493874,0.0030392697,-0.0017510919,-0.0055597182,-1.2207455e-05,-0.008729979,0.0035900245,0.005777634,-0.0073187477,0.0052960133,0.008869108,-0.0012210315,0.003908096,0.0014824201,0.002243669,0.0014609471,-0.0018599456,0.0029951679,-0.0010006175,-0.0057179225,-0.0037858672,0.006633458,-0.0020624108
0.0068350965,0.003438353,-0.0034090718,0.002118803,0.005784559,-0.0022119328,-0.002567318,0.0043189866,-0.006117675,-0.0014066818,-0.00074300007,0.008003517,-0.0057390826,-0.003936843,0.009277725,0.0046511036,0.008287523,-0.009908642,0.0066663045,-0.0047280337,0.00950099,-0.003592942,0.0016014007,0.0017662629,-0.0037734061,-0.0023426556,0.0075062457,-0.0051292884,-0.005032962,0.0021915345,-0.005115508,0.00049998175,-0.0051652896,-0.007923622,-0.005163369,-0.00922938,-0.007390823,-0.010051236,-0.0047969674,-0.0069014085,0.0010608877,0.002408187,0.005580831,0.009246283,-0.0021609988,-0.0050455923,-0.002158343,-0.0063223667,0.00962302,-0.00080076227
0.00074778125,0.008938378,-0.0022036328,0.009494424,-0.005359122,0.007344639,0.008054064,0.0011237025,-0.006402767,0.0043661213,0.008521133,-0.00020772162,-0.0024906492,-0.009698871,-0.0040704194,-0.00026922673,-0.003906921,0.005437784,0.0099476995,-0.0008665959,0.0010818575,-0.0012473867,-0.0032688156,-0.006344807,-0.0038609481,-0.010341562,-0.0005138873,0.004435537,0.0036306423,0.0026999926,-0.0053469404,-0.0029055378,0.003916211,0.006239432,0.0026416604,-1.8690092e-05,-0.0030621765,-0.003667097,2.476113e-05,-0.0018137345,0.0006464205,0.010524149,-6.9030015e-05,-0.009924409,0.008960912,0.00016826078,-0.010539231,-0.0016239398,-0.005804052,-0.0068510873
0.009379337,0.007809959,0.003054013,0.007712873,0.0051537165,-0.0049644266,0.0002480173,0.0053143264,-0.003638695,-0.006755559,-0.004371523,-0.007850022,-0.005703541,-0.0038909698,-0.009697348,0.005062037,0.0027047633,0.0049738693,-0.0029360354,-0.004131137,-0.001711555,-0.006850462,-0.005883092,0.004692637,-0.008202729,0.0010852367,-0.005605059,-0.0057463967,0.0025530711,-0.00890219,-0.0022710366,0.008534283,-0.008134274,-0.00902721,0.002620472,0.0014145653,-0.0026283027,0.0010066809,0.0067587816,-0.0046819407,-0.00050724053,0.0005018934,0.00651466,0.0034860421,0.0027044103,0.0040016454,0.006999595,0.005663422,0.008483684,0.009602701
-0.006700519,-0.0012960138,-0.0043239766,-0.0044170553,0.0027795816,0.0026480767,0.0046630017,0.009143777,0.007839353,-0.0005283418,-0.0028121157,-0.0071645183,0.004208737,0.0056223967,-0.008381297,0.00024909538,0.005781881,-0.0028486177,0.008902427,0.0035105643,0.0015354321,-0.0074139447,-0.002625063,-0.0030440174,-0.004475487,0.0037139014,0.0010982045,0.0034448386,-0.008520012,-0.007877037,-0.009110463,0.009118998,-0.0078066597,0.0061790356,0.0024201586,-0.0069878236,3.6434692e-05,-0.0072874166,0.0066747176,0.0060567628,-0.009020032,0.009749337,-0.010113277,-2.9648689e-05,0.0035690963,0.0042881006,-0.004387954,0.005927731,0.009810444,0.00750371
0.0018393269,-0.0023995207,0.008486306,0.0016021387,0.0043877396,0.0060095093,-0.004899604,-0.0020183162,0.0053811483,0.0061920923,-0.0073450515,-0.0047941306,0.008542334,-0.006124657,-0.0001538511,0.004886511,0.0037263238,0.0025975574,-0.0015374249,0.005881564,-0.006486011,-0.0069760713,-0.007576518,0.00053200306,-0.003239085,-0.0089166965,-0.005863476,0.0018041693,-0.008515166,0.0007878015,0.00075155415,-0.006119495,-0.0044391123,0.0051987306,-0.003797031,-0.0088083865,0.00065677287,0.0023030322,0.0021556546,-0.008074261,-0.009034206,0.009232362,0.002717794,0.0069024665,0.0066874973,-0.0017524266,-0.0058893836,-0.008664781,0.0039899293,-0.0070637753
0.004963644,-2.857454e-05,-0.0103867045,-0.00272411,-0.0045793424,0.012939188,0.010733805,0.0126088755,-0.00932937,0.0036660072,-0.009547899,0.003644097,-0.006558762,-0.0053562243,-0.002546247,-0.008999776,-0.004134021,0.01035904,0.010891552,-0.0063581276,0.0051942673,4.229727e-06,0.0032902535,0.001177697,-0.0033707237,-0.009175289,-0.008475784,-0.002031813,0.0028602127,-0.0023539737,-0.0004922012,0.008369684,-0.00031693248,0.00630408,-0.008869058,0.002781068,-0.00500505,-0.0027905228,0.00102225,-0.007657586,0.0030441692,-0.0009024561,-0.00029891342,0.003721194,-0.004472442,0.003221196,-0.00635643,-0.0025665273,0.0055199238,0.00074392033
-0.008858896,0.0064835562,0.0021713828,0.0069976477,-0.0035899167,-0.0071220887,-0.0027791166,-0.005856951,0.0022560756,0.009924361,-0.0058932076,-0.0024330923,0.0009815091,0.0041308566,-0.00871609,-0.008934769,-0.005948168,-0.0031574708,0.00872182,-0.008774962,0.004749205,0.0022580377,-0.0052091195,-0.0080746105,0.0017492552,0.0023785022,-0.0035052754,-4.6998593e-05,0.0029138213,0.0049382113,0.009021144,0.00032469854,0.009115494,0.009905318,0.0059981453,0.0014483436,-0.004987072,0.007378829,0.008897652,0.00952422,-0.008014285,-0.0031874701,-0.00097227696,0.009002287,-0.0032567875,-0.0041556978,0.0067192935,0.00063397776,0.006994531,-0.0015234686
-0.0036051415,0.012435929,0.008310605,-0.00040556662,0.0091909105,0.0050594667,0.0056530186,0.014649824,-0.0132657895,-0.0025030274,-0.007344776,0.0059220404,-0.0015683271,-0.008108793,0.010340258,-0.007830771,-0.0032408554,0.009881976,0.006070896,0.007414786,0.0059841285,0.0038110842,-0.010976731,0.0012441563,-0.012752157,0.0054753837,0.009457689,0.00021415063,-0.003874886,0.0028124845,-0.007067175,0.01036487,0.00319791,-0.005301195,-0.0006800529,-0.009281851,-0.009038126,-0.006883163,-0.0046141422,0.007213906,0.0049385885,0.0035771132,1.4240777e-07,-0.002899884,0.009452211,-0.005872573,-0.008012578,0.0005068434,0.002652127,-0.003419949
0.004963644,-2.857454e-05,-0.0103867045,-0.00272411,-0.0045793424,0.012939188,0.010733805,0.0126088755,-0.00932937,0.0036660072,-0.009547899,0.003644097,-0.006558762,-0.0053562243,-0.002546247,-0.008999776,-0.004134021,0.01035904,0.010891552,-0.0063581276,0.0051942673,4.229727e-06,0.0032902535,0.001177697,-0.0033707237,-0.009175289,-0.008475784,-0.002031813,0.0028602127,-0.0023539737,-0.0004922012,0.008369684,-0.00031693248,0.00630408,-0.008869058,0.002781068,-0.00500505,-0.0027905228,0.00102225,-0.007657586,0.0030441692,-0.0009024561,-0.00029891342,0.003721194,-0.004472442,0.003221196,-0.00635643,-0.0025665273,0.0055199238,0.00074392033
0.006939573,0.010864848,0.005277433,-0.007681565,-0.0012178582,-0.0040206816,-0.009209853,0.0111739775,2.8199613e-05,0.0016739819,0.0060524317,-0.0088308975,-0.0024347056,-0.00027847078,-0.0051019266,-0.009420379,0.00060512364,0.007630598,0.011266285,-0.0019151543,-0.004523451,-0.00029294635,-0.0030322205,0.0009083336,-0.0078448085,0.0022148078,0.0028521912,-0.0040344372,-0.007466916,-0.009044546,-0.009883911,0.010645812,0.0034968685,0.0018433504,0.0024716065,-0.0074010906,-0.0046953135,-0.0063513475,0.010098794,0.0062373905,-0.008410296,-0.004564249,-0.0033699498,-0.0073868083,0.000673939,0.0060913865,0.0049250457,0.008110229,-0.005451149,-0.00013712898
-0.003416183,0.000545296,0.0032885815,0.0013574216,-0.0038662003,0.0077964747,-0.006177087,0.0037876498,-0.004158695,-0.0012473933,0.0012857887,0.009107112,0.003979675,-0.010406369,-0.0018644114,0.009530758,0.008101593,0.0008875411,0.005196786,0.0025842735,0.011506831,-0.0024905158,0.0044178073,-0.0037757454,-0.0072466694,-0.008422002,0.00496468,0.0070803273,-0.0054296963,0.0056303865,0.007853252,-0.006744874,0.0026464674,-0.008678626,-0.0015779542,0.00372684,-7.947608e-05,-0.010437985,0.009643875,0.0055811894,-0.009991305,0.006184941,-0.007992442,-0.0063117743,-0.005273734,0.0035723548,-0.01090649,0.007387954,-0.004579552,0.0016531195
